date,vix9d,vix,vix3m,vix6m,vvix,vix_vix3m_ratio,vix9d_vix_ratio
2023-06-01,13.9800,15.6500,18.7500,21.3700,85.0700,0.8347,0.8933
2023-06-02,12.7400,14.6000,17.9200,20.6000,86.1600,0.8147,0.8726
2023-06-05,14.1400,14.7300,17.9000,20.5200,85.7700,0.8229,0.9599
2023-06-06,13.8300,13.9600,17.0400,19.7000,85.7400,0.8192,0.9907
2023-06-07,13.8600,13.9400,17.1400,19.8000,84.0000,0.8133,0.9943
2023-06-08,13.5900,13.6500,16.8600,19.4700,87.6300,0.8096,0.9956
2023-06-09,13.2900,13.8300,16.9600,19.5500,89.7000,0.8154,0.9610
2023-06-12,15.3500,15.0100,17.2800,19.6000,92.8300,0.8686,1.0227
2023-06-13,14.4000,14.6100,17.2300,19.6200,92.1000,0.8479,0.9856
2023-06-14,12.7100,13.8800,16.8600,19.4700,91.9100,0.8233,0.9157
2023-06-15,13.5800,14.5000,17.1800,19.5000,93.9500,0.8440,0.9366
2023-06-16,11.3300,13.5400,16.7500,19.3000,90.6900,0.8084,0.8368
2023-06-19,,14.1900,,,,,
2023-06-20,12.9200,13.8800,17.3000,19.7500,96.2600,0.8023,0.9308
2023-06-21,12.0300,13.2000,16.8900,19.5300,92.7300,0.7815,0.9114
2023-06-22,11.1500,12.9100,16.5600,19.2700,90.6400,0.7796,0.8637
2023-06-23,11.6100,13.4400,16.8700,19.4900,92.3400,0.7967,0.8638
2023-06-26,12.6800,14.2500,17.0500,19.5000,95.4200,0.8358,0.8898
2023-06-27,12.0500,13.7400,16.4400,18.8800,91.3300,0.8358,0.8770
2023-06-28,11.7400,13.4300,15.9000,18.3400,85.7900,0.8447,0.8742
2023-06-29,11.7500,13.5400,16.1000,18.4900,85.2600,0.8410,0.8678
2023-06-30,11.5300,13.5900,16.0200,18.3300,83.1100,0.8483,0.8484
2023-07-03,12.0000,13.5700,16.0700,18.3700,84.1700,0.8444,0.8843
2023-07-04,,13.7000,,,,,
2023-07-05,12.5700,14.1800,16.5100,18.7100,87.7600,0.8589,0.8865
2023-07-06,13.9600,15.4400,17.5200,19.5000,95.3000,0.8813,0.9041
2023-07-07,12.6000,14.8300,17.2400,19.3100,94.4900,0.8602,0.8496
2023-07-10,13.5000,15.0700,17.2500,19.2100,95.3300,0.8736,0.8958
2023-07-11,13.7000,14.8400,16.9700,18.9700,95.2100,0.8745,0.9232
2023-07-12,11.3800,13.5400,16.1100,18.2600,95.8500,0.8405,0.8405
2023-07-13,12.1300,13.6100,16.1200,18.2400,96.4300,0.8443,0.8913
2023-07-14,11.9000,13.3400,16.0400,18.2100,94.8900,0.8317,0.8921
2023-07-17,13.0900,13.4800,16.2700,18.2700,95.9800,0.8285,0.9711
2023-07-18,13.1500,13.3000,16.1300,18.1500,92.9900,0.8246,0.9887
2023-07-19,13.3600,13.7600,16.5600,18.5900,93.5700,0.8309,0.9709
2023-07-20,13.5700,13.9900,16.6600,18.7400,94.0600,0.8397,0.9700
2023-07-21,12.5000,13.6000,16.4000,18.5200,93.3600,0.8293,0.9191
2023-07-24,13.4100,13.9100,16.2600,18.3900,91.7400,0.8555,0.9641
2023-07-25,13.4900,13.8600,16.2200,18.3600,90.0000,0.8545,0.9733
2023-07-26,11.7400,13.1900,15.7900,18.1200,85.3800,0.8353,0.8901
2023-07-27,13.4700,14.4100,16.6300,18.7400,94.0500,0.8665,0.9348
2023-07-28,11.2300,13.3300,15.9200,18.2700,87.3800,0.8373,0.8425
2023-07-31,12.6200,13.6300,16.0100,18.4200,86.6800,0.8513,0.9259
2023-08-01,13.0100,13.9300,16.3400,18.6200,87.4900,0.8525,0.9340
2023-08-02,15.4000,16.0900,17.9600,19.8800,96.2000,0.8959,0.9571
2023-08-03,15.0600,15.9200,17.7200,19.6800,94.0400,0.8984,0.9460
2023-08-04,16.0900,17.1000,18.6100,20.1800,99.6300,0.9189,0.9409
2023-08-07,14.6800,15.7700,17.7200,19.4800,92.9900,0.8900,0.9309
2023-08-08,14.8100,15.9900,18.1300,19.9000,94.9100,0.8820,0.9262
2023-08-09,15.3300,15.9600,18.0500,19.8600,97.4300,0.8842,0.9605
2023-08-10,15.3800,15.8500,18.1600,19.8300,99.7800,0.8728,0.9703
2023-08-11,13.6300,14.8400,17.5600,19.5800,96.6800,0.8451,0.9185
2023-08-14,14.5700,14.8200,17.4100,19.2900,95.3300,0.8512,0.9831
2023-08-15,16.5600,16.4600,18.5900,20.3600,103.2800,0.8854,1.0061
2023-08-16,16.3600,16.7800,18.9700,20.7000,104.5400,0.8846,0.9750
2023-08-17,17.4700,17.8900,19.8300,21.4200,106.7400,0.9022,0.9765
2023-08-18,16.5400,17.3000,19.2400,21.0500,97.2800,0.8992,0.9561
2023-08-21,16.8200,17.1300,18.7700,20.6300,95.2400,0.9126,0.9819
2023-08-22,16.3900,16.9700,18.7200,20.7700,92.6200,0.9065,0.9658
2023-08-23,15.3400,15.9800,17.9400,20.0600,88.9900,0.8907,0.9599
2023-08-24,16.1000,17.2000,18.7500,20.6100,92.1700,0.9173,0.9360
2023-08-25,13.7800,15.6800,17.7200,19.7600,84.3200,0.8849,0.8788
2023-08-28,13.5300,15.0800,17.1200,19.3100,82.2300,0.8808,0.8972
2023-08-29,13.3000,14.4500,16.5600,18.7100,79.0500,0.8726,0.9204
2023-08-30,12.4200,13.8800,16.1800,18.5500,78.6300,0.8578,0.8948
2023-08-31,11.7900,13.5700,15.9200,18.2900,80.8000,0.8524,0.8688
2023-09-01,10.4500,13.0900,15.7400,18.1500,82.6500,0.8316,0.7983
2023-09-04,,13.8200,,,,,
2023-09-05,12.8900,14.0100,16.2400,18.3200,86.4300,0.8627,0.9201
2023-09-06,13.1000,14.4500,16.6100,18.6200,87.8500,0.8700,0.9066
2023-09-07,13.1000,14.4000,16.5800,18.6100,87.6500,0.8685,0.9097
2023-09-08,12.3800,13.8400,16.1400,18.2700,85.2700,0.8575,0.8945
2023-09-11,13.2700,13.8000,16.0200,18.0500,85.1900,0.8614,0.9616
2023-09-12,14.0500,14.2300,16.2500,18.2100,85.6300,0.8757,0.9874
2023-09-13,12.4700,13.4800,15.9200,18.0100,84.9700,0.8467,0.9251
2023-09-14,11.8000,12.8200,15.3400,17.6800,82.4800,0.8357,0.9204
2023-09-15,12.5100,13.7900,16.0200,18.1500,84.8400,0.8608,0.9072
2023-09-18,13.6200,14.0000,16.1300,18.1900,84.7700,0.8679,0.9729
2023-09-19,14.2300,14.1100,16.1300,18.1700,83.5400,0.8748,1.0085
2023-09-20,15.2700,15.1400,16.8100,18.6100,88.0500,0.9007,1.0086
2023-09-21,18.8800,17.5400,18.2400,19.5800,94.4400,0.9616,1.0764
2023-09-22,17.5100,17.2000,18.0900,19.6000,90.5400,0.9508,1.0180
2023-09-25,17.5600,16.9000,18.0200,19.6300,91.7400,0.9378,1.0391
2023-09-26,19.8500,18.9400,19.7200,21.0100,103.0400,0.9604,1.0480
2023-09-27,18.9200,18.2200,19.1100,20.7000,97.0900,0.9534,1.0384
2023-09-28,17.6300,17.3400,18.3800,20.0900,93.7200,0.9434,1.0167
2023-09-29,17.2000,17.5200,18.5100,20.1800,94.1000,0.9465,0.9817
2023-10-02,17.6100,17.6100,18.6200,20.2700,95.3900,0.9458,1.0000
2023-10-03,19.9000,19.7800,20.4100,21.6500,104.3900,0.9691,1.0061
2023-10-04,18.3000,18.5800,19.5200,21.0800,95.5800,0.9518,0.9849
2023-10-05,18.3600,18.4900,19.5000,21.1400,95.5900,0.9482,0.9930
2023-10-06,16.2900,17.4500,18.7300,20.4900,91.1600,0.9317,0.9335
2023-10-09,17.8800,17.7000,18.8100,20.5600,92.0300,0.9410,1.0102
2023-10-10,17.1100,17.0300,18.2700,20.1300,90.1000,0.9321,1.0047
2023-10-11,15.1700,16.0900,17.6300,19.6300,90.5700,0.9126,0.9428
2023-10-12,15.8700,16.6900,18.0900,19.9800,91.8700,0.9226,0.9509
2023-10-13,18.7600,19.3200,20.5700,21.8100,108.1000,0.9392,0.9710
2023-10-16,17.1900,17.2100,18.7900,20.6400,95.6900,0.9159,0.9988
2023-10-17,17.7100,17.8800,19.2600,21.0600,95.8000,0.9283,0.9905
2023-10-18,18.9000,19.2200,20.4700,21.9600,105.8900,0.9389,0.9834
2023-10-19,21.4600,21.4000,22.1900,23.2100,116.4700,0.9644,1.0028
2023-10-20,20.7600,21.7100,22.4400,23.6000,115.4300,0.9675,0.9562
2023-10-23,20.6900,20.3700,21.3300,22.6700,109.0000,0.9550,1.0157
2023-10-24,19.3100,18.9700,20.2100,21.8500,98.5400,0.9386,1.0179
2023-10-25,20.4900,20.1900,21.3300,22.6900,102.9200,0.9466,1.0149
2023-10-26,20.8000,20.6800,21.5700,23.0200,101.9700,0.9587,1.0058
2023-10-27,21.3600,21.2700,22.2700,23.6500,102.0400,0.9551,1.0042
2023-10-30,20.6500,19.7500,20.8000,22.4600,95.2300,0.9495,1.0456
2023-10-31,19.0200,18.1400,19.4900,21.3400,87.9400,0.9307,1.0485
2023-11-01,16.8700,16.8700,18.5500,20.4300,85.0800,0.9094,1.0000
2023-11-02,15.1600,15.6600,17.8000,19.8200,83.2400,0.8798,0.9681
2023-11-03,13.7100,14.9100,17.2200,19.3600,82.8300,0.8659,0.9195
2023-11-06,14.5300,14.8900,17.0300,19.1300,84.3300,0.8743,0.9758
2023-11-07,14.4300,14.8100,16.9200,19.1800,83.4300,0.8753,0.9743
2023-11-08,13.8300,14.4500,16.6400,18.8900,85.0400,0.8684,0.9571
2023-11-09,14.7000,15.2900,17.3000,19.3700,88.7400,0.8838,0.9614
2023-11-10,12.7800,14.1700,16.5200,18.6900,85.6600,0.8577,0.9019
2023-11-13,13.8000,14.7600,16.6100,18.8200,85.5100,0.8886,0.9350
2023-11-14,12.8700,14.1600,16.2900,18.5100,83.7700,0.8692,0.9089
2023-11-15,11.8900,14.1800,16.2800,18.5800,84.9100,0.8710,0.8385
2023-11-16,11.8100,14.3200,16.1400,18.4600,83.2300,0.8872,0.8247
2023-11-17,10.6700,13.8000,15.8500,18.3100,81.8300,0.8707,0.7732
2023-11-20,11.1400,13.4100,15.6900,18.2100,81.8100,0.8547,0.8307
2023-11-21,11.4700,13.3500,15.5000,18.0300,81.7700,0.8613,0.8592
2023-11-22,9.9600,12.8500,15.4800,18.0500,83.3800,0.8301,0.7751
2023-11-23,,12.8000,,,,,
2023-11-24,9.8300,12.4600,15.1200,17.8100,83.0000,0.8241,0.7889
2023-11-27,11.2700,12.6900,15.3400,17.8900,85.1500,0.8272,0.8881
2023-11-28,11.5200,12.6900,15.2400,17.8100,85.1400,0.8327,0.9078
2023-11-29,12.0500,12.9800,15.5100,18.0300,87.7900,0.8369,0.9284
2023-11-30,12.3000,12.9200,15.4400,17.9100,86.7100,0.8368,0.9520
2023-12-01,11.9800,12.6300,15.3600,17.8300,85.9000,0.8223,0.9485
2023-12-04,13.4600,13.0800,15.6800,18.1200,87.7600,0.8342,1.0291
2023-12-05,13.5300,12.8500,15.5700,17.9900,85.7600,0.8253,1.0529
2023-12-06,13.6700,12.9700,15.7400,18.1500,86.8500,0.8240,1.0540
2023-12-07,13.7300,13.0600,15.6500,17.9500,86.0000,0.8345,1.0513
2023-12-08,12.2100,12.3500,15.1600,17.6100,81.1100,0.8146,0.9887
2023-12-11,12.6800,12.6300,15.1900,17.5400,82.3500,0.8315,1.0040
2023-12-12,11.6400,12.0700,14.8300,17.2000,83.5400,0.8139,0.9644
2023-12-13,12.4300,12.1900,14.6600,16.9900,80.8300,0.8315,1.0197
2023-12-14,12.2900,12.4800,14.7900,16.9900,80.8300,0.8438,0.9848
2023-12-15,10.8700,12.2800,15.1300,17.3200,88.0400,0.8116,0.8852
2023-12-18,11.4400,12.5600,15.4700,17.5900,88.6700,0.8119,0.9108
2023-12-19,11.2500,12.5300,15.6400,17.8100,88.7700,0.8012,0.8978
2023-12-20,13.6700,13.6700,16.5800,18.6400,92.1800,0.8245,1.0000
2023-12-21,13.1100,13.6500,16.3000,18.4000,89.8500,0.8374,0.9604
2023-12-22,11.5600,13.0300,15.9900,18.1900,88.6200,0.8149,0.8872
2023-12-26,12.4500,12.9900,15.8800,18.0600,88.8700,0.8180,0.9584
2023-12-27,11.2300,12.4300,15.2700,17.5200,86.2200,0.8140,0.9035
2023-12-28,11.2300,12.4700,15.2300,17.5100,86.6900,0.8188,0.9006
2023-12-29,10.6700,12.4500,15.2600,17.5300,86.9600,0.8159,0.8570
2024-01-02,12.5900,13.2000,15.4800,17.6800,88.0900,0.8527,0.9538
2024-01-03,13.2400,14.0400,16.0400,18.0800,89.6500,0.8753,0.9430
2024-01-04,13.0600,14.1300,16.0400,18.0200,87.5900,0.8809,0.9243
2024-01-05,11.7100,13.3500,15.5100,17.5600,82.8700,0.8607,0.8772
2024-01-08,11.7000,13.0800,15.1400,17.0900,81.2600,0.8639,0.8945
2024-01-09,11.3500,12.7600,14.9000,16.9600,78.5900,0.8564,0.8895
2024-01-10,11.0900,12.6900,14.7300,16.7500,77.0900,0.8615,0.8739
2024-01-11,10.7500,12.4400,14.5600,16.6800,75.5400,0.8544,0.8641
2024-01-12,10.5200,12.7000,14.9400,16.8500,86.0700,0.8501,0.8283
2024-01-15,,13.2500,,,,,
2024-01-16,12.6400,13.8400,15.7400,17.4400,89.5900,0.8793,0.9133
2024-01-17,13.3200,14.7900,16.3800,17.9000,91.3600,0.9029,0.9006
2024-01-18,12.6600,14.1300,15.8400,17.4500,86.3400,0.8920,0.8960
2024-01-19,11.8200,13.3000,15.2600,16.9400,81.9500,0.8716,0.8887
2024-01-22,13.1800,13.1900,14.9700,16.7500,79.1700,0.8811,0.9992
2024-01-23,12.4900,12.5500,14.5200,16.3600,76.6700,0.8643,0.9952
2024-01-24,13.5800,13.1400,14.9700,16.7300,80.9400,0.8778,1.0335
2024-01-25,13.7400,13.4500,15.1000,16.8300,81.3900,0.8907,1.0216
2024-01-26,13.0700,13.2600,15.0300,16.8600,82.2000,0.8822,0.9857
2024-01-29,13.9500,13.6000,15.2200,16.9700,83.4000,0.8936,1.0257
2024-01-30,13.7200,13.3100,15.1400,16.9300,82.2400,0.8791,1.0308
2024-01-31,14.5500,14.3500,15.9600,17.5800,87.5600,0.8991,1.0139
2024-02-01,13.2800,13.8800,15.5000,17.2200,84.8300,0.8955,0.9568
2024-02-02,13.0400,13.8500,15.6100,17.2700,83.3100,0.8873,0.9415
2024-02-05,13.3500,13.6700,15.3300,17.0600,79.5800,0.8917,0.9766
2024-02-06,12.4600,13.0600,14.9900,16.8200,76.9700,0.8712,0.9541
2024-02-07,11.9600,12.8300,14.8500,16.6900,80.5400,0.8640,0.9322
2024-02-08,11.6000,12.7900,14.9300,16.7300,83.0700,0.8567,0.9070
2024-02-09,11.6100,12.9300,15.0800,16.9400,81.9400,0.8574,0.8979
2024-02-12,13.0300,13.9300,15.6700,17.3700,84.6300,0.8890,0.9354
2024-02-13,15.0000,15.8500,16.8200,18.1900,93.1900,0.9423,0.9464
2024-02-14,12.9200,14.3800,15.9300,17.6200,83.1700,0.9027,0.8985
2024-02-15,12.4700,14.0100,15.7600,17.5300,82.4000,0.8890,0.8901
2024-02-16,12.5700,14.2400,15.8600,17.6200,82.6300,0.8979,0.8827
2024-02-19,,14.7100,,,,,
2024-02-20,14.8500,15.4200,16.4100,18.0000,86.1000,0.9397,0.9630
2024-02-21,14.6500,15.3400,16.2300,17.7800,84.6600,0.9452,0.9550
2024-02-22,13.1700,14.5400,15.7700,17.3900,80.8800,0.9220,0.9058
2024-02-23,11.9200,13.7500,15.2500,17.0900,78.8600,0.9016,0.8669
2024-02-26,13.1300,13.7400,15.2200,17.0400,80.5000,0.9028,0.9556
2024-02-27,12.8400,13.4300,14.8900,16.7800,78.5400,0.9019,0.9561
2024-02-28,13.5200,13.8400,15.2200,17.0300,80.3600,0.9093,0.9769
2024-02-29,12.4800,13.4000,14.9300,16.8600,77.4500,0.8975,0.9313
2024-03-01,11.8200,13.1100,14.9300,16.8600,77.6800,0.8781,0.9016
2024-03-04,13.2300,13.4900,15.2300,17.1200,79.4100,0.8858,0.9807
2024-03-05,14.8800,14.4600,15.9100,17.6200,83.9100,0.9089,1.0290
2024-03-06,14.8800,14.5000,15.9700,17.6700,83.1100,0.9080,1.0262
2024-03-07,14.5500,14.4400,15.9100,17.5700,82.1300,0.9076,1.0076
2024-03-08,14.6300,14.7400,16.3000,17.9600,86.5600,0.9043,0.9925
2024-03-11,16.4600,15.2200,16.4600,18.1100,88.9700,0.9247,1.0815
2024-03-12,14.0700,13.8400,15.6600,17.5800,83.7600,0.8838,1.0166
2024-03-13,14.1000,13.7500,15.6000,17.5600,86.2700,0.8814,1.0255
2024-03-14,14.8700,14.4000,16.1200,17.9300,88.7500,0.8933,1.0326
2024-03-15,14.1600,14.4100,16.4100,18.1700,92.1700,0.8781,0.9827
2024-03-18,14.5000,14.3300,16.2200,18.0000,86.7800,0.8835,1.0119
2024-03-19,13.6400,13.8200,15.7700,17.6400,83.9000,0.8763,0.9870
2024-03-20,11.5800,13.0400,15.2800,17.2700,78.8700,0.8534,0.8880
2024-03-21,11.1700,12.9200,15.1800,17.2500,77.3000,0.8511,0.8646
2024-03-22,10.8600,13.0600,15.3000,17.3400,76.4900,0.8536,0.8315
2024-03-25,11.4700,13.1900,15.3800,17.4600,76.6000,0.8576,0.8696
2024-03-26,11.5900,13.2400,15.2900,17.3400,76.7700,0.8659,0.8754
2024-03-27,10.5300,12.7800,15.0100,17.0700,76.0000,0.8514,0.8239
2024-03-28,10.5600,13.0100,15.1900,17.1900,76.5700,0.8565,0.8117
2024-04-01,12.6200,13.6500,15.5200,17.4200,78.4500,0.8795,0.9245
2024-04-02,14.0300,14.6100,16.0900,17.8400,82.7600,0.9080,0.9603
2024-04-03,13.2700,14.3300,15.9100,17.7400,81.0800,0.9007,0.9260
2024-04-04,17.1400,16.3500,17.1600,18.6500,90.0400,0.9528,1.0483
2024-04-05,15.4600,16.0300,17.1800,18.6800,90.5800,0.9331,0.9644
2024-04-08,14.5600,15.1900,16.5600,18.1600,86.2600,0.9173,0.9585
2024-04-09,14.7000,14.9800,16.4200,18.0700,84.4500,0.9123,0.9813
2024-04-10,15.8100,15.8000,17.0400,18.5400,91.7600,0.9272,1.0006
2024-04-11,14.1800,14.9100,16.4900,18.1500,89.4000,0.9042,0.9510
2024-04-12,17.3300,17.3100,18.2000,19.3800,102.7200,0.9511,1.0012
2024-04-15,20.7600,19.2300,19.5500,20.4100,109.6400,0.9836,1.0796
2024-04-16,19.2400,18.4000,18.8400,19.9000,99.2500,0.9766,1.0457
2024-04-17,18.1000,18.2100,18.7700,19.8700,98.7600,0.9702,0.9940
2024-04-18,17.8800,18.0000,18.6600,19.7700,95.9900,0.9646,0.9933
2024-04-19,18.1300,18.7100,19.2500,20.1700,99.0900,0.9719,0.9690
2024-04-22,17.4500,16.9400,17.6300,18.8600,89.5400,0.9609,1.0301
2024-04-23,16.2500,15.6900,16.6800,18.1700,82.3600,0.9406,1.0357
2024-04-24,16.2900,15.9700,16.8400,18.3100,83.6100,0.9483,1.0200
2024-04-25,15.8100,15.3700,16.3700,17.8800,82.5400,0.9389,1.0286
2024-04-26,14.6700,15.0300,16.2700,17.8300,79.5600,0.9238,0.9760
2024-04-29,15.1100,14.6700,16.0000,17.6300,78.2200,0.9169,1.0300
2024-04-30,16.6600,15.6500,16.5900,17.9400,81.8200,0.9433,1.0645
2024-05-01,15.9100,15.3900,16.5700,18.1600,81.9300,0.9288,1.0338
2024-05-02,14.8600,14.6800,16.0500,17.7100,78.5900,0.9146,1.0123
2024-05-03,12.0000,13.4900,15.2700,17.1300,74.5700,0.8834,0.8895
2024-05-06,13.1300,13.4900,15.0200,16.9400,73.4600,0.8981,0.9733
2024-05-07,12.7600,13.2300,14.9500,16.9000,74.5400,0.8849,0.9645
2024-05-08,12.4800,13.0000,14.9000,16.8900,74.5000,0.8725,0.9600
2024-05-09,11.9200,12.6900,14.7100,16.6800,73.7700,0.8627,0.9393
2024-05-10,11.8200,12.5500,14.6600,16.6700,73.2600,0.8561,0.9418
2024-05-13,13.7100,13.6000,14.8900,16.8600,77.5500,0.9134,1.0081
2024-05-14,13.3100,13.4200,14.7000,16.7600,77.6500,0.9129,0.9918
2024-05-15,11.4200,12.4500,14.0800,16.3300,76.3100,0.8842,0.9173
2024-05-16,10.9600,12.4200,14.2200,16.4600,77.7400,0.8734,0.8824
2024-05-17,9.6700,11.9900,13.9900,16.2900,78.4300,0.8570,0.8065
2024-05-20,10.5300,12.1500,14.1100,16.3400,79.4500,0.8611,0.8667
2024-05-21,10.0800,11.8600,13.9500,16.2000,77.6200,0.8502,0.8499
2024-05-22,11.1400,12.2900,14.3100,16.5100,79.9600,0.8588,0.9064
2024-05-23,10.7900,12.7700,14.6700,16.7000,84.6200,0.8705,0.8449
2024-05-24,9.1900,11.9300,14.1700,16.3600,79.0900,0.8419,0.7703
2024-05-27,,12.3600,,,,,
2024-05-28,11.5100,12.9200,14.7200,16.7100,81.6400,0.8777,0.8909
2024-05-29,13.4100,14.2800,15.4500,17.2100,83.7900,0.9243,0.9391
2024-05-30,13.6700,14.4700,15.5900,17.3000,83.4400,0.9282,0.9447
2024-05-31,11.6800,12.9200,14.6600,16.6100,78.2700,0.8813,0.9040
2024-06-03,13.9100,13.1100,14.8000,16.7400,78.7900,0.8858,1.0610
2024-06-04,14.2800,13.1600,14.8800,16.8400,77.6500,0.8844,1.0851
2024-06-05,13.9900,12.6300,14.5400,16.6100,75.2400,0.8686,1.1077
2024-06-06,13.4700,12.5800,14.5400,16.6200,77.9100,0.8652,1.0707
2024-06-07,12.3300,12.2200,14.4100,16.5400,76.6500,0.8480,1.0090
2024-06-10,12.8500,12.7400,14.6000,16.6700,78.9700,0.8726,1.0086
2024-06-11,12.8700,12.8500,14.4900,16.5900,79.9500,0.8868,1.0016
2024-06-12,10.4000,12.0400,14.1200,16.3800,77.6000,0.8527,0.8638
2024-06-13,10.2800,11.9400,14.1700,16.4900,78.2000,0.8426,0.8610
2024-06-14,11.0000,12.6600,14.8400,17.0300,83.7200,0.8531,0.8689
2024-06-17,11.9400,12.7500,14.7900,17.0000,83.3400,0.8621,0.9365
2024-06-18,11.1200,12.3000,14.6900,16.9900,80.6300,0.8373,0.9041
2024-06-19,,12.4800,,,,,
2024-06-20,12.3600,13.2800,15.4100,17.6200,85.7200,0.8618,0.9307
2024-06-21,10.9600,13.2000,15.1700,17.4600,83.3100,0.8701,0.8303
2024-06-24,11.8300,13.3300,15.2300,17.5600,84.8000,0.8752,0.8875
2024-06-25,11.1000,12.8400,14.8600,17.2400,82.8700,0.8641,0.8645
2024-06-26,10.5100,12.5500,14.7100,17.1800,81.4500,0.8532,0.8375
2024-06-27,10.4900,12.2400,14.4200,16.9200,79.5000,0.8488,0.8570
2024-06-28,10.5400,12.4400,14.5200,16.9500,79.4800,0.8567,0.8473
2024-07-01,10.9300,12.2200,14.1900,16.6800,76.0500,0.8612,0.8944
2024-07-02,10.6000,12.0300,14.0100,16.5300,77.0600,0.8587,0.8811
2024-07-03,10.7200,12.0900,14.0200,16.5500,78.0700,0.8623,0.8867
2024-07-04,,12.2600,,,,,
2024-07-05,10.8100,12.4800,14.3500,16.7100,78.8000,0.8697,0.8662
2024-07-08,11.0500,12.3700,14.2900,16.6500,78.5900,0.8656,0.8933
2024-07-09,11.1100,12.5100,14.3900,16.7700,78.5800,0.8694,0.8881
2024-07-10,12.0000,12.8500,14.5000,16.8000,83.4100,0.8862,0.9339
2024-07-11,11.4200,12.9200,14.6700,16.9900,84.4700,0.8807,0.8839
2024-07-12,10.5500,12.4600,14.3700,16.8000,81.6100,0.8671,0.8467
2024-07-15,12.1800,13.1200,14.8700,17.0700,83.8600,0.8823,0.9284
2024-07-16,11.8000,13.1900,14.9100,17.1500,82.4000,0.8846,0.8946
2024-07-17,13.1600,14.4800,15.7900,17.7300,88.2800,0.9170,0.9088
2024-07-18,14.9000,15.9300,16.5600,18.2000,94.7100,0.9620,0.9353
2024-07-19,15.0400,16.5200,17.1600,18.6400,97.9300,0.9627,0.9104
2024-07-22,14.7900,14.9100,16.0900,17.9300,93.6600,0.9267,0.9920
2024-07-23,14.6100,14.7200,16.0100,17.9200,88.5100,0.9194,0.9925
2024-07-24,19.7900,18.0400,18.4300,19.6200,106.1200,0.9788,1.0970
2024-07-25,19.8200,18.4600,18.6900,19.8000,104.3800,0.9877,1.0737
2024-07-26,16.8100,16.3900,17.2400,18.7500,94.6100,0.9507,1.0256
2024-07-29,17.3900,16.6000,17.1600,18.6400,93.5100,0.9674,1.0476
2024-07-30,18.9000,17.6900,18.0100,19.2400,99.9700,0.9822,1.0684
2024-07-31,16.5100,16.3600,16.9700,18.3200,94.2500,0.9641,1.0092
2024-08-01,19.5400,18.5900,19.1400,19.9400,111.1800,0.9713,1.0511
2024-08-02,23.3100,23.3900,23.3400,22.9800,136.8100,1.0021,0.9966
2024-08-05,42.7900,38.5700,33.7100,30.2800,173.3200,1.1442,1.1094
2024-08-06,28.9300,27.7100,26.7600,25.5600,150.0900,1.0355,1.0440
2024-08-07,29.2600,27.8500,27.0100,25.7500,151.2400,1.0311,1.0506
2024-08-08,23.9000,23.7900,24.1300,23.5000,134.3400,0.9859,1.0046
2024-08-09,20.0600,20.3700,21.1800,21.4300,114.6300,0.9618,0.9848
2024-08-12,21.9200,20.7100,21.6300,21.6300,121.9400,0.9575,1.0584
2024-08-13,18.5700,18.1200,19.8600,20.2300,113.8900,0.9124,1.0248
2024-08-14,15.7900,16.1900,18.4500,19.2000,107.8100,0.8775,0.9753
2024-08-15,14.3700,15.2300,17.8800,18.7700,105.4200,0.8518,0.9435
2024-08-16,12.9700,14.8000,17.8100,18.7800,103.4200,0.8310,0.8764
2024-08-19,14.1200,14.6500,17.5900,18.6200,98.8200,0.8329,0.9638
2024-08-20,15.8500,15.8800,18.2800,19.3000,101.7400,0.8687,0.9981
2024-08-21,15.6500,16.2700,18.5800,19.5400,106.7200,0.8757,0.9619
2024-08-22,16.5500,17.5500,19.3600,20.0900,112.5300,0.9065,0.9430
2024-08-23,13.6900,15.8600,18.1900,19.3500,99.2200,0.8719,0.8632
2024-08-26,14.8700,16.1500,18.2500,19.3600,100.6800,0.8849,0.9207
2024-08-27,14.1700,15.4300,17.7300,19.0000,93.4500,0.8703,0.9183
2024-08-28,16.6400,17.1100,18.9000,19.8300,106.3200,0.9053,0.9725
2024-08-29,13.7300,15.6500,18.0000,19.3100,97.0800,0.8694,0.8773
2024-08-30,12.9000,15.0000,17.4300,18.8800,93.7300,0.8606,0.8600
2024-09-02,,15.5500,,,,,
2024-09-03,20.0700,20.7200,21.7000,21.9300,129.7900,0.9548,0.9686
2024-09-04,20.4300,21.3200,22.0700,22.2700,123.4700,0.9660,0.9583
2024-09-05,19.5400,19.9000,20.9300,21.4500,115.0100,0.9508,0.9819
2024-09-06,22.2600,22.3800,22.7400,22.7900,119.3300,0.9842,0.9946
2024-09-09,19.6700,19.4500,20.8800,21.4000,110.8500,0.9315,1.0113
2024-09-10,19.6900,19.0800,20.5500,21.2300,107.2000,0.9285,1.0320
2024-09-11,17.8800,17.6900,19.5900,20.3700,102.9000,0.9030,1.0107
2024-09-12,16.7500,17.0700,19.4800,20.4000,103.9400,0.8763,0.9813
2024-09-13,15.8000,16.5600,19.2800,20.2800,101.8800,0.8589,0.9541
2024-09-16,17.1900,17.1400,19.8100,20.5800,106.6700,0.8652,1.0029
2024-09-17,18.0900,17.6100,20.1300,20.8800,107.1900,0.8748,1.0273
2024-09-18,17.9500,18.2300,20.3500,20.9800,105.4300,0.8958,0.9846
2024-09-19,14.6600,16.3300,19.0700,20.0400,97.4600,0.8563,0.8977
2024-09-20,13.2000,16.1500,18.9400,20.1200,94.2700,0.8527,0.8173
2024-09-23,14.3500,15.8900,18.7000,20.0500,94.4100,0.8497,0.9031
2024-09-24,14.1200,15.3900,18.4700,19.8700,90.9300,0.8332,0.9175
2024-09-25,14.2400,15.4100,18.5700,20.0000,90.4800,0.8298,0.9241
2024-09-26,14.5600,15.3700,18.4500,19.9900,89.8600,0.8331,0.9473
2024-09-27,15.7400,16.9600,19.5400,20.9200,101.3400,0.8680,0.9281
2024-09-30,16.6500,16.7300,19.2200,20.6200,99.3400,0.8704,0.9952
2024-10-01,19.5500,19.2600,20.8900,21.8300,110.1400,0.9220,1.0151
2024-10-02,18.7600,18.9000,20.5900,21.6200,107.9700,0.9179,0.9926
2024-10-03,20.4100,20.4900,21.6300,22.2800,115.6400,0.9473,0.9961
2024-10-04,16.4800,19.2100,20.6500,21.6000,110.6300,0.9303,0.8579
2024-10-07,20.0000,22.6400,22.5900,23.0200,122.5800,1.0022,0.8834
2024-10-08,18.0000,21.4200,21.5200,22.4500,114.8200,0.9954,0.8403
2024-10-09,16.4100,20.8600,20.9100,21.8500,119.3600,0.9976,0.7867
2024-10-10,15.4900,20.9300,21.0200,21.9600,117.4300,0.9957,0.7401
2024-10-11,14.3300,20.4600,20.7700,21.7600,113.9900,0.9851,0.7004
2024-10-14,14.6400,19.7000,20.1200,21.1400,107.2200,0.9791,0.7431
2024-10-15,14.8800,20.6400,20.8000,21.5200,112.9000,0.9923,0.7209
2024-10-16,14.2500,19.5800,20.3200,21.1400,111.6200,0.9636,0.7278
2024-10-17,13.8500,19.1100,19.8100,20.7500,105.8900,0.9647,0.7248
2024-10-18,12.3800,18.0300,19.1900,20.2300,100.9500,0.9396,0.6866
2024-10-21,14.3900,18.3700,19.2400,20.2000,102.9600,0.9548,0.7833
2024-10-22,14.5500,18.2000,19.1700,20.2200,100.5000,0.9494,0.7995
2024-10-23,16.4900,19.2400,20.0400,20.7400,108.1100,0.9601,0.8571
2024-10-24,16.6700,19.0800,19.8500,20.5600,109.8400,0.9612,0.8737
2024-10-25,18.4900,20.3300,20.9400,21.5100,117.5000,0.9709,0.9095
2024-10-28,21.1700,19.8000,20.1700,20.7900,112.2300,0.9817,1.0692
2024-10-29,21.7700,19.3400,19.9600,20.4500,108.7000,0.9689,1.1256
2024-10-30,23.5900,20.3500,20.7600,21.2300,112.7700,0.9803,1.1592
2024-10-31,26.0500,23.1600,22.6400,22.6100,121.8900,1.0230,1.1248
2024-11-01,23.4700,21.8800,21.9100,22.1800,119.1200,0.9986,1.0727
2024-11-04,25.7700,21.9800,21.5700,22.0000,121.8000,1.0190,1.1724
2024-11-05,24.7000,20.4900,20.1900,20.8500,114.3200,1.0149,1.2055
2024-11-06,15.8500,16.2700,17.6700,19.1700,97.2400,0.9208,0.9742
2024-11-07,13.8400,15.2000,16.9500,18.6100,88.6000,0.8968,0.9105
2024-11-08,13.0900,14.9400,16.8300,18.5600,87.7600,0.8877,0.8762
2024-11-11,14.0000,14.9700,16.8000,18.4700,90.7300,0.8911,0.9352
2024-11-12,13.9200,14.7100,16.7100,18.5400,89.4500,0.8803,0.9463
2024-11-13,12.8100,14.0200,16.5100,18.4600,91.7600,0.8492,0.9137
2024-11-14,13.1300,14.3100,16.6800,18.5700,90.4300,0.8579,0.9175
2024-11-15,14.8100,16.1400,17.8100,19.2500,98.9300,0.9062,0.9176
2024-11-18,13.9800,15.5800,17.1900,18.7600,93.8100,0.9063,0.8973
2024-11-19,14.2400,16.3500,17.6900,19.1600,97.3700,0.9243,0.8709
2024-11-20,15.0800,17.1600,18.2600,19.4300,102.2000,0.9398,0.8788
2024-11-21,14.1500,16.8700,18.1800,19.4100,101.3000,0.9279,0.8388
2024-11-22,11.4600,15.2400,17.3000,18.7800,95.1300,0.8809,0.7520
2024-11-25,12.3100,14.6000,16.8700,18.4400,88.7900,0.8654,0.8432
2024-11-26,11.7300,14.1000,16.5300,18.1700,87.7100,0.8530,0.8319
2024-11-27,10.7500,14.1000,16.6000,18.2800,88.3600,0.8494,0.7624
2024-11-28,,13.9000,,,,,
2024-11-29,10.8900,13.5100,16.2600,18.1500,86.3200,0.8309,0.8061
2024-12-02,11.8600,13.3400,16.3400,18.0500,87.1100,0.8164,0.8891
2024-12-03,11.8700,13.3000,16.2400,17.9800,86.4300,0.8190,0.8925
2024-12-04,11.6000,13.4500,16.3900,18.3000,86.4800,0.8206,0.8625
2024-12-05,11.6800,13.5400,16.5800,18.3600,86.9500,0.8166,0.8626
2024-12-06,10.3800,12.7700,16.3200,18.2100,87.3800,0.7825,0.8128
2024-12-09,12.9700,14.1900,17.0900,18.7800,93.8400,0.8303,0.9140
2024-12-10,13.2900,14.1800,16.9800,18.8000,94.3500,0.8351,0.9372
2024-12-11,12.0400,13.5800,16.8800,18.9000,98.1200,0.8045,0.8866
2024-12-12,11.9300,13.9200,17.3500,19.3100,99.4300,0.8023,0.8570
2024-12-13,10.9000,13.8100,17.1500,19.2300,96.5000,0.8052,0.7893
2024-12-16,12.0600,14.6900,17.5700,19.5000,98.3500,0.8361,0.8210
2024-12-17,13.3900,15.8700,18.1300,19.8700,100.7300,0.8753,0.8437
2024-12-18,35.4200,27.6200,24.2400,23.6200,129.7900,1.1394,1.2824
2024-12-19,23.7200,24.0900,24.1400,23.9100,136.2900,0.9979,0.9846
2024-12-20,15.9500,18.3600,20.1000,21.5000,114.0100,0.9134,0.8687
2024-12-23,14.7600,16.7800,18.6500,20.3200,102.3400,0.8997,0.8796
2024-12-24,10.8900,14.2700,17.2000,19.2800,91.0500,0.8297,0.7631
2024-12-26,11.6300,14.7300,17.3600,19.3800,92.7700,0.8485,0.7895
2024-12-27,13.3100,15.9500,18.0700,19.8800,98.8100,0.8827,0.8345
2024-12-30,15.8100,17.4000,18.9400,20.5000,103.0500,0.9187,0.9086
2024-12-31,15.1500,17.3500,18.9800,20.5500,104.3300,0.9141,0.8732
2025-01-02,16.2600,17.9300,19.3300,20.7100,106.5900,0.9276,0.9069
2025-01-03,13.4400,16.1300,18.1400,19.8200,94.3600,0.8892,0.8332
2025-01-06,14.2000,16.0400,18.0300,19.6500,95.8900,0.8896,0.8853
2025-01-07,16.1000,17.8200,19.1900,20.4800,106.3700,0.9286,0.9035
2025-01-08,16.1500,17.7000,19.3400,20.4600,103.9300,0.9152,0.9124
2025-01-10,17.8300,19.5400,20.9700,21.7100,115.4900,0.9318,0.9125
2025-01-13,18.7000,19.1900,20.4300,21.1400,110.9400,0.9393,0.9745
2025-01-14,18.1500,18.7100,19.9900,20.9200,107.9300,0.9360,0.9701
2025-01-15,13.9400,16.1200,18.2300,19.7900,97.7900,0.8843,0.8648
2025-01-16,14.8800,16.6000,18.3500,19.9000,99.8400,0.9046,0.8964
2025-01-17,14.1300,15.9700,18.1900,19.8000,101.6100,0.8780,0.8848
2025-01-20,,15.8100,,,,,
2025-01-21,14.3100,15.0600,17.5000,19.2100,98.2600,0.8606,0.9502
2025-01-22,13.5700,15.1000,17.8100,19.3900,100.5600,0.8478,0.8987
2025-01-23,13.4200,15.0200,17.5200,19.1800,99.5200,0.8573,0.8935
2025-01-24,12.8800,14.8500,17.5500,19.2400,100.4100,0.8462,0.8673
2025-01-27,18.4500,17.9000,18.9700,20.1000,110.3100,0.9436,1.0307
2025-01-28,16.6400,16.4100,18.1300,19.4700,103.7400,0.9051,1.0140
2025-01-29,16.4100,16.5600,18.1500,19.5900,101.6800,0.9124,0.9909
2025-01-30,14.9800,15.8400,17.9100,19.3300,98.3200,0.8844,0.9457
2025-01-31,15.8500,16.4300,18.4300,19.7700,101.5000,0.8915,0.9647
2025-02-03,19.3800,18.6200,19.5500,20.3500,109.0100,0.9524,1.0408
2025-02-04,17.0000,17.2100,18.6400,19.8300,100.8800,0.9233,0.9878
2025-02-05,14.8800,15.7700,17.9600,19.2400,97.2900,0.8781,0.9436
2025-02-06,14.1500,15.5000,17.9400,19.2200,96.7700,0.8640,0.9129
2025-02-07,14.6700,16.5400,18.6300,19.7600,101.4900,0.8878,0.8869
2025-02-10,13.7600,15.8100,18.2300,19.4400,99.1500,0.8673,0.8703
2025-02-11,13.8300,16.0200,18.2800,19.4800,99.8200,0.8764,0.8633
2025-02-12,13.5100,15.8900,18.3100,19.5400,98.7400,0.8678,0.8502
2025-02-13,12.3100,15.1000,17.8400,19.1100,95.4800,0.8464,0.8152
2025-02-14,11.5600,14.7700,17.8100,19.1900,96.9000,0.8293,0.7827
2025-02-17,,15.3700,,,,,
2025-02-18,13.2000,15.3500,17.8200,19.3200,98.5000,0.8614,0.8599
2025-02-19,13.0600,15.2700,17.9300,19.4100,95.5500,0.8516,0.8553
2025-02-20,13.4600,15.6600,18.0100,19.6600,94.9900,0.8695,0.8595
2025-02-21,17.0000,18.2100,19.4800,20.6000,105.7100,0.9348,0.9336
2025-02-24,18.3000,18.9800,19.8600,20.8800,106.8000,0.9557,0.9642
2025-02-25,19.2900,19.4300,20.0300,21.0400,108.4700,0.9700,0.9928
2025-02-26,18.8800,19.1000,19.7500,20.8100,106.0500,0.9671,0.9885
2025-02-27,20.9500,21.1300,21.2200,21.9100,114.7900,0.9958,0.9915
2025-02-28,18.8800,19.6300,20.1800,21.1700,108.9900,0.9727,0.9618
2025-03-03,23.9600,22.7800,22.1800,22.5000,118.7400,1.0271,1.0518
2025-03-04,24.7900,23.5100,22.7800,22.9100,118.5600,1.0320,1.0544
2025-03-05,22.9000,21.9300,21.7200,22.1000,109.6300,1.0097,1.0442
2025-03-06,26.7900,24.8700,23.7000,23.6900,120.8200,1.0494,1.0772
2025-03-07,23.7900,23.3700,22.5900,22.8400,115.7300,1.0345,1.0180
2025-03-10,31.1900,27.8600,25.7200,24.9800,128.4600,1.0832,1.1195
2025-03-11,28.9300,26.9200,25.3400,24.8400,129.5100,1.0624,1.0747
2025-03-12,25.2600,24.2300,23.6700,23.5200,115.8900,1.0237,1.0425
2025-03-13,25.3600,24.6600,24.0600,23.7100,112.8900,1.0249,1.0284
2025-03-14,21.7700,21.7700,22.1700,22.3700,98.2300,0.9820,1.0000
2025-03-17,21.3000,20.5100,21.3000,21.6600,95.9300,0.9629,1.0385
2025-03-18,22.5900,21.7000,21.9700,22.1200,99.6800,0.9877,1.0410
2025-03-19,19.7900,19.9000,20.8300,21.3400,93.2300,0.9554,0.9945
2025-03-20,19.4600,19.8000,20.7100,21.2600,89.9500,0.9561,0.9828
2025-03-21,18.5800,19.2800,20.3500,20.9800,87.9900,0.9474,0.9637
2025-03-24,18.5600,17.4800,19.0400,19.9600,81.8900,0.9181,1.0618
2025-03-25,18.0100,17.1500,19.0500,20.0800,87.4600,0.9003,1.0501
2025-03-26,19.9600,18.3300,19.8400,20.8600,90.2400,0.9239,1.0889
2025-03-27,20.0300,18.6900,19.8900,21.0000,89.5100,0.9397,1.0717
2025-03-28,22.6900,21.6500,22.0100,22.5800,102.4400,0.9836,1.0480
2025-03-31,25.1400,22.2800,21.9700,22.4500,99.1200,1.0141,1.1284
2025-04-01,24.4600,21.7700,21.8200,22.3200,97.5500,0.9977,1.1236
2025-04-02,24.2900,21.5100,21.4500,21.8900,118.3700,1.0028,1.1292
2025-04-03,34.1000,30.0200,27.3800,26.1900,119.4800,1.0964,1.1359
2025-04-04,57.1700,45.3100,36.7100,32.5500,147.1600,1.2343,1.2618
2025-04-07,62.5800,46.9800,36.8800,32.3800,152.6300,1.2739,1.3321
2025-04-08,67.6300,52.3300,41.5000,35.7700,170.9200,1.2610,1.2924
2025-04-09,40.0600,33.6200,29.9200,27.4500,142.5000,1.1237,1.1916
2025-04-10,50.4300,40.7200,35.7100,32.5300,157.2400,1.1403,1.2385
2025-04-11,43.3200,37.5600,33.9100,31.6000,147.3500,1.1076,1.1534
2025-04-14,34.2000,30.8900,29.6300,28.7700,122.3200,1.0425,1.1072
2025-04-15,29.9400,30.1200,29.0000,28.2000,115.8900,1.0386,0.9940
2025-04-16,33.2200,32.6400,30.9400,29.7800,122.9100,1.0549,1.0178
2025-04-17,27.6500,29.6500,29.3500,28.8800,116.2600,1.0102,0.9325
2025-04-21,36.5600,33.8200,31.8300,30.9300,124.1100,1.0625,1.0810
2025-04-22,33.1400,30.5700,29.4500,28.9300,112.9600,1.0380,1.0841
2025-04-23,30.7400,28.4500,28.0200,27.8400,109.0200,1.0153,1.0805
2025-04-24,28.2800,26.4700,26.4400,26.7300,102.9800,1.0011,1.0684
2025-04-25,24.6400,24.8400,25.3700,25.8900,98.9500,0.9791,0.9919
2025-04-28,26.4700,25.1500,25.7300,26.1000,103.3900,0.9775,1.0525
2025-04-29,24.9500,24.1700,25.2200,25.8300,101.3100,0.9584,1.0323
2025-04-30,25.0700,24.7000,25.5400,25.9900,102.2900,0.9671,1.0150
2025-05-01,24.8200,24.6000,25.4900,25.9100,102.3100,0.9651,1.0089
2025-05-02,21.2200,22.6800,24.0000,24.7000,97.2600,0.9450,0.9356
2025-05-05,22.7300,23.6400,24.5500,25.1100,101.1700,0.9629,0.9615
2025-05-06,24.1400,24.7600,25.4100,25.7600,104.3200,0.9744,0.9750
2025-05-07,22.6900,23.5500,24.7000,25.2800,99.8200,0.9534,0.9635
2025-05-08,21.6300,22.4800,23.7600,24.6000,96.2900,0.9461,0.9622
2025-05-09,20.8700,21.9000,23.3800,24.3300,96.3500,0.9367,0.9530
2025-05-12,17.9700,18.3900,20.2200,21.6600,87.9300,0.9095,0.9772
2025-05-13,17.4100,18.2200,20.0900,21.4500,91.5900,0.9069,0.9555
2025-05-14,17.5300,18.6200,20.5800,21.8300,97.1600,0.9048,0.9415
2025-05-15,15.8800,17.8300,20.2500,21.5900,94.1100,0.8805,0.8906
2025-05-16,14.3500,17.2400,20.0800,21.6300,94.9400,0.8586,0.8324
2025-05-19,16.8100,18.1400,20.6900,22.0100,96.8900,0.8768,0.9267
2025-05-20,16.5700,18.0900,20.7200,22.0400,96.6200,0.8731,0.9160
2025-05-21,19.5600,20.8700,22.6600,23.5400,106.3000,0.9210,0.9372
2025-05-22,18.4200,20.2800,22.3200,23.3500,104.1000,0.9086,0.9083
2025-05-23,20.6300,22.2900,23.8000,24.3900,109.7600,0.9366,0.9255
2025-05-26,,20.5700,,,,,
2025-05-27,17.9000,18.9600,21.2900,22.4300,96.4900,0.8906,0.9441
2025-05-28,18.1900,19.3100,21.6700,22.7400,97.1500,0.8911,0.9420
2025-05-29,17.8400,19.1800,21.6200,22.7700,95.3200,0.8871,0.9301
2025-05-30,16.7400,18.5700,21.3800,22.7200,95.1500,0.8686,0.9015
2025-06-02,17.6400,18.3600,21.0900,22.4500,91.8400,0.8706,0.9608
2025-06-03,16.6200,17.6900,20.7200,22.1300,90.8900,0.8538,0.9395
2025-06-04,16.0400,17.6100,20.6600,22.1700,90.7900,0.8524,0.9108
2025-06-05,17.3400,18.4800,21.1100,22.5100,93.2000,0.8754,0.9383
2025-06-06,14.2000,16.7700,20.0200,21.7500,89.4500,0.8377,0.8468
2025-06-09,15.3800,17.1600,20.0900,21.8200,88.9700,0.8542,0.8963
2025-06-10,15.1600,16.9500,19.9400,21.6000,92.0600,0.8501,0.8944
2025-06-11,15.4200,17.2600,20.3000,21.8100,99.0200,0.8502,0.8934
2025-06-12,16.1200,18.0200,20.6500,22.1000,103.0400,0.8726,0.8946
2025-06-13,19.2600,20.8200,22.6200,23.4000,113.3700,0.9204,0.9251
2025-06-16,17.8700,19.1100,21.2300,22.4300,106.1900,0.9001,0.9351
2025-06-17,21.8600,21.6000,22.9100,23.6200,115.5000,0.9428,1.0120
2025-06-18,19.1300,20.1400,21.9700,22.9700,106.2000,0.9167,0.9499
2025-06-19,,22.1700,,,,,
2025-06-20,18.3200,20.6200,22.4800,23.4400,108.8600,0.9173,0.8885
2025-06-23,17.9200,19.8300,21.8200,22.9000,104.3200,0.9088,0.9037
2025-06-24,15.4000,17.4800,20.0500,21.6700,92.2900,0.8718,0.8810
2025-06-25,13.8100,16.7600,19.6700,21.4500,89.6500,0.8521,0.8240
2025-06-26,13.4900,16.5900,19.4500,21.2600,89.6000,0.8530,0.8131
2025-06-27,12.8100,16.3200,19.4500,21.3100,91.8400,0.8391,0.7849
2025-06-30,13.7700,16.7300,19.4400,21.2700,89.7400,0.8606,0.8231
2025-07-01,13.7900,16.8300,19.5100,21.3200,89.5400,0.8626,0.8194
2025-07-02,13.0700,16.6400,19.3500,21.1600,89.8000,0.8599,0.7855
2025-07-03,12.8500,16.3800,19.2100,21.0200,90.6000,0.8527,0.7845
2025-07-04,,17.4800,,,,,
2025-07-07,15.7100,17.7900,20.2100,21.6100,96.3000,0.8803,0.8831
2025-07-08,13.9000,16.8100,19.5800,21.1100,91.3100,0.8585,0.8269
2025-07-09,12.5300,15.9400,19.0200,20.7200,91.7600,0.8381,0.7861
2025-07-10,12.4600,15.7800,18.9200,20.6800,90.9400,0.8340,0.7896
2025-07-11,13.0300,16.4000,19.3700,21.0900,93.5300,0.8467,0.7945
2025-07-14,14.2700,17.2000,19.8400,21.3200,95.7500,0.8669,0.8297
2025-07-15,14.6900,17.3800,20.0600,21.4900,94.6600,0.8664,0.8452
2025-07-16,13.7700,17.1600,20.0900,21.6000,95.5600,0.8542,0.8024
2025-07-17,13.1400,16.5200,19.6900,21.3900,92.9000,0.8390,0.7954
2025-07-18,12.7000,16.4100,19.5800,21.3300,93.1500,0.8381,0.7739
2025-07-21,14.9500,16.6500,19.5100,21.2600,92.2600,0.8534,0.8979
2025-07-22,15.0300,16.5000,19.5300,21.3500,90.5800,0.8449,0.9109
2025-07-23,14.0500,15.3700,18.5600,20.6000,88.0400,0.8281,0.9141
2025-07-24,14.0800,15.3900,18.5600,20.5700,89.7500,0.8292,0.9149
2025-07-25,12.8300,14.9300,18.3200,20.3300,90.5900,0.8150,0.8593
2025-07-28,13.3700,15.0300,18.1600,20.1400,88.5900,0.8276,0.8896
2025-07-29,14.6200,15.9800,18.7700,20.6100,95.1400,0.8514,0.9149
2025-07-30,13.4600,15.4800,18.3500,20.3000,94.3300,0.8436,0.8695
2025-07-31,15.1500,16.7200,19.1400,20.8400,98.3700,0.8736,0.9061
2025-08-01,19.5300,20.3800,21.2400,22.3300,109.7900,0.9595,0.9583
2025-08-04,16.4300,17.5200,19.6100,21.0300,95.8500,0.8934,0.9378
2025-08-05,16.8100,17.8500,20.0300,21.3300,97.6500,0.8912,0.9417
2025-08-06,15.0000,16.7700,19.4700,21.0000,97.8100,0.8613,0.8945
2025-08-07,14.7600,16.5700,19.3500,20.9100,97.3700,0.8563,0.8908
2025-08-08,12.8600,15.1500,18.7000,20.4800,93.1400,0.8102,0.8488
2025-08-11,15.7500,16.2500,19.2500,20.8000,97.0900,0.8442,0.9692
2025-08-12,13.1100,14.7300,18.3400,20.2300,92.8600,0.8032,0.8900
2025-08-13,12.3800,14.4900,18.3300,20.3500,98.1700,0.7905,0.8544
2025-08-14,12.9800,14.8300,18.4900,20.4900,98.0400,0.8021,0.8753
2025-08-15,13.2700,15.0900,18.6400,20.6600,97.8500,0.8095,0.8794
2025-08-18,13.7900,14.9900,18.4500,20.5400,96.6300,0.8125,0.9199
2025-08-19,14.7000,15.5700,18.9000,20.9700,102.0900,0.8238,0.9441
2025-08-20,15.0900,15.6900,19.1000,21.0600,98.6000,0.8215,0.9618
2025-08-21,16.3700,16.6000,19.4100,21.4000,99.9900,0.8552,0.9861
2025-08-22,11.8500,14.2200,17.7600,20.1500,89.7800,0.8007,0.8333
2025-08-25,13.0100,14.7900,18.0200,20.4800,92.3000,0.8208,0.8796
2025-08-26,12.9100,14.6200,17.9000,20.4600,91.6500,0.8168,0.8830
2025-08-27,13.2700,14.8500,17.9400,20.6200,94.9300,0.8278,0.8936
2025-08-28,11.6800,14.4300,17.7200,20.4100,92.0300,0.8143,0.8094
2025-08-29,12.7200,15.3600,18.3500,20.8300,97.1700,0.8371,0.8281
2025-09-01,,16.1200,,,,,
2025-09-02,16.1700,17.1700,19.3800,21.4200,103.8800,0.8860,0.9418
2025-09-03,14.4500,16.3500,18.9300,21.0500,99.6200,0.8637,0.8838
2025-09-04,13.3200,15.3000,18.3900,20.8100,95.2800,0.8320,0.8706
2025-09-05,12.6600,15.1800,18.4200,20.6400,93.0600,0.8241,0.8340
2025-09-08,13.5000,15.1100,18.2900,20.4900,92.2900,0.8261,0.8934
2025-09-09,13.6100,15.0400,18.2700,20.5100,93.1600,0.8232,0.9049
2025-09-10,14.2900,15.3500,18.4400,20.5800,100.5300,0.8324,0.9309
2025-09-11,12.9900,14.7100,18.0300,20.3400,96.3200,0.8159,0.8831
2025-09-12,12.8500,14.7600,18.0600,20.4000,96.7800,0.8173,0.8706
2025-09-15,14.7100,15.6900,18.5300,20.7400,99.5500,0.8467,0.9375
2025-09-16,15.7900,16.3600,18.9100,21.0100,104.1000,0.8652,0.9652
2025-09-17,14.5300,15.7200,18.4400,20.6600,96.1700,0.8525,0.9243
2025-09-18,13.5300,15.7000,18.5200,20.7300,97.2800,0.8477,0.8618
2025-09-19,12.4100,15.4500,18.4800,20.7400,96.9000,0.8360,0.8032
2025-09-22,14.2500,16.1000,18.9500,21.1000,99.7500,0.8496,0.8851
2025-09-23,14.6700,16.6400,19.4400,21.4500,101.2300,0.8560,0.8816
2025-09-24,13.3900,16.1800,19.1400,21.2100,99.9900,0.8454,0.8276
2025-09-25,14.1700,16.7400,19.4600,21.3800,100.3400,0.8602,0.8465
2025-09-26,12.2700,15.2900,18.4100,20.6700,93.4000,0.8305,0.8025
2025-09-29,13.5100,16.1200,18.7600,20.9800,96.7400,0.8593,0.8381
2025-09-30,13.9500,16.2800,18.7700,20.9500,95.8900,0.8673,0.8569
2025-10-01,13.5300,16.2900,18.7600,20.9700,93.2200,0.8683,0.8306
2025-10-02,13.7900,16.6300,18.8900,21.0800,94.1000,0.8804,0.8292
2025-10-03,13.4700,16.6500,19.0800,21.2200,94.7900,0.8726,0.8090
2025-10-06,13.5700,16.3700,19.1200,21.2500,95.3800,0.8562,0.8290
2025-10-07,14.9900,17.2400,19.7100,21.5800,98.7000,0.8747,0.8695
2025-10-08,13.1700,16.3000,19.2600,21.3600,96.2200,0.8463,0.8080
2025-10-09,13.9200,16.4300,19.3800,21.3700,97.2500,0.8478,0.8472
2025-10-10,21.7000,21.6600,22.8100,23.7800,116.2500,0.9496,1.0018
2025-10-13,18.0200,19.0300,20.9300,22.4100,106.4500,0.9092,0.9469
2025-10-14,20.3800,20.8100,22.0300,23.1800,113.1900,0.9446,0.9793
2025-10-15,19.2800,20.6400,21.9400,23.2000,117.3000,0.9407,0.9341
2025-10-16,25.8700,25.3100,24.8700,25.1500,134.2500,1.0177,1.0221
2025-10-17,19.8000,20.7800,22.0900,23.3800,115.6300,0.9407,0.9528
2025-10-20,17.3500,18.2300,20.3100,22.2800,103.1800,0.8976,0.9517
2025-10-21,16.8800,17.8700,19.9900,22.1000,103.3600,0.8939,0.9446
2025-10-22,18.3500,18.6000,20.3100,22.3700,104.8700,0.9158,0.9866
2025-10-23,16.6200,17.3000,19.6500,21.9000,98.6000,0.8804,0.9607
2025-10-24,14.8500,16.3700,19.2000,21.5400,98.0300,0.8526,0.9071
2025-10-27,14.6400,15.7900,18.9900,21.4100,97.4000,0.8315,0.9272
2025-10-28,15.6300,16.4200,19.5500,21.8500,101.5100,0.8399,0.9519
2025-10-29,15.6100,16.9200,19.8300,22.0200,103.5700,0.8533,0.9226
2025-10-30,14.9000,16.9100,19.9800,22.0800,102.8400,0.8463,0.8811
2025-10-31,14.7100,17.4400,20.4900,22.5400,104.4600,0.8511,0.8435
2025-11-03,14.9700,17.1700,20.3800,22.5400,101.4300,0.8425,0.8719
2025-11-04,17.7500,19.0000,21.2900,23.1700,104.4400,0.8924,0.9342
2025-11-05,15.8700,18.0100,20.6000,22.6400,100.7700,0.8743,0.8812
2025-11-06,18.1200,19.5000,21.3500,23.1600,105.7100,0.9133,0.9292
2025-11-07,17.3100,19.0800,21.1900,22.9900,103.6000,0.9004,0.9072
2025-11-10,16.0400,17.6000,20.2400,22.3700,98.9100,0.8696,0.9114
2025-11-11,15.1800,17.2800,20.1900,22.5000,99.6000,0.8559,0.8785
2025-11-12,15.3700,17.5100,20.3400,22.5400,103.4700,0.8609,0.8778
2025-11-13,19.1700,20.0000,21.8500,23.5900,111.2500,0.9153,0.9585
2025-11-14,18.6100,19.8300,21.5800,23.3500,107.9500,0.9189,0.9385
2025-11-17,22.3300,22.3800,23.1800,24.3200,117.8600,0.9655,0.9978
2025-11-18,25.1800,24.6900,24.5400,25.2900,124.3200,1.0061,1.0198
2025-11-19,23.1000,23.6600,23.9900,25.0000,119.5700,0.9862,0.9763
2025-11-20,26.3500,26.4200,25.7600,26.2300,128.6500,1.0256,0.9974
2025-11-21,21.5100,23.4300,23.9600,25.1600,118.3400,0.9779,0.9181
2025-11-24,18.5500,20.5200,21.8500,23.7500,103.9600,0.9391,0.9040
2025-11-25,15.3900,18.5600,20.7300,22.9800,96.8500,0.8953,0.8292
2025-11-26,13.3300,17.1900,20.0200,22.4500,92.1700,0.8586,0.7755
2025-11-27,,17.2100,,,,,
2025-11-28,13.6100,16.3500,19.6400,22.1000,90.3400,0.8325,0.8324
2025-12-01,16.5500,17.2400,20.2200,22.4500,93.7600,0.8526,0.9600
2025-12-02,15.4200,16.5900,19.8400,22.2000,91.7100,0.8362,0.9295
2025-12-03,14.4600,16.0800,19.7100,22.1000,92.3900,0.8158,0.8993
2025-12-04,14.3000,15.7800,19.4900,21.9300,91.2800,0.8096,0.9062
2025-12-05,13.9000,15.4100,19.2700,21.7100,90.6500,0.7997,0.9020
2025-12-08,16.2900,16.6600,19.9100,22.1600,97.3500,0.8368,0.9778
2025-12-09,16.3000,16.9300,20.0800,22.2500,98.1400,0.8431,0.9628
2025-12-10,14.6800,15.7700,19.3500,21.6800,99.1100,0.8150,0.9309
2025-12-11,12.4600,14.8500,19.0500,21.4000,95.4100,0.7795,0.8391
2025-12-12,13.4800,15.7400,19.2500,21.6200,97.3300,0.8177,0.8564
2025-12-15,14.2000,16.5000,19.6800,21.9500,100.3700,0.8384,0.8606
2025-12-16,13.8800,16.4800,19.6700,21.9700,98.3600,0.8378,0.8422
2025-12-17,15.7500,17.6200,20.0800,22.1400,99.8900,0.8775,0.8939
2025-12-18,13.9200,16.8700,19.5900,21.7100,92.6100,0.8612,0.8251
2025-12-19,10.4900,14.9100,18.2500,20.7900,83.8700,0.8170,0.7036
2025-12-22,10.5000,14.0800,17.7900,20.4200,81.9700,0.7915,0.7457
2025-12-23,10.0600,14.0000,17.8400,20.5800,85.1400,0.7848,0.7186
2025-12-24,9.1700,13.4700,17.7700,20.5900,85.2400,0.7580,0.6808
2025-12-26,9.6500,13.6000,17.7700,20.6400,84.2400,0.7653,0.7096
2025-12-29,11.3700,14.2000,17.8200,20.6000,85.8800,0.7969,0.8007
2025-12-30,11.4600,14.3300,17.7700,20.6900,87.1300,0.8064,0.7997
2025-12-31,12.0000,14.9500,18.1800,20.9400,92.6700,0.8223,0.8027
2026-01-02,11.7200,14.5100,18.0200,20.8700,90.1000,0.8052,0.8077
2026-01-05,12.4400,14.9000,18.3200,20.9600,90.5100,0.8133,0.8349
2026-01-06,12.1300,14.7500,18.1500,20.7800,89.0100,0.8127,0.8224
2026-01-07,12.5400,15.3800,18.5900,21.1000,91.8600,0.8273,0.8153
2026-01-08,12.8300,15.4500,18.3900,20.9100,89.8500,0.8401,0.8304
2026-01-09,10.8600,14.4900,17.8800,20.5700,88.1900,0.8104,0.7495
2026-01-12,11.9400,15.1200,18.2300,20.7000,93.1300,0.8294,0.7897
2026-01-13,12.5100,15.9800,18.8500,21.2100,101.0700,0.8477,0.7829
2026-01-14,13.1800,16.7500,19.3700,21.5300,104.8500,0.8647,0.7869
2026-01-15,12.3200,15.8400,18.9000,21.2800,100.9000,0.8381,0.7778
2026-01-16,12.0900,15.8600,18.9900,21.3200,102.0500,0.8352,0.7623
2026-01-19,,18.8400,,,,,
2026-01-20,19.9300,20.0900,21.2800,23.0400,117.0500,0.9441,0.9920
2026-01-21,15.8800,16.9000,19.3600,21.6200,102.5700,0.8729,0.9396
2026-01-22,14.3800,15.6400,18.7500,21.2700,96.1200,0.8341,0.9194
2026-01-23,15.0000,16.0900,19.1500,21.5300,101.8300,0.8402,0.9323
2026-01-26,15.0500,16.1500,19.0700,21.6000,99.7500,0.8469,0.9319
2026-01-27,14.8500,16.3500,19.2200,21.7500,101.2600,0.8507,0.9083
2026-01-28,14.5400,16.3500,19.3000,21.7200,100.4600,0.8472,0.8893
2026-01-29,15.2200,16.8800,19.6700,21.9700,101.7600,0.8582,0.9017
2026-01-30,15.6900,17.4400,20.0700,22.2300,108.1800,0.8690,0.8997
2026-02-02,14.4500,16.3400,19.3700,21.6800,98.7700,0.8436,0.8843
2026-02-03,17.0700,18.0000,20.3500,22.2400,103.8200,0.8845,0.9483
2026-02-04,18.6700,18.6400,20.6200,22.3700,106.1600,0.9040,1.0016
2026-02-05,22.2900,21.7700,22.4500,23.6600,117.0700,0.9697,1.0239
2026-02-06,15.4300,17.7600,20.3700,22.2300,100.9900,0.8719,0.8688
2026-02-09,14.7500,17.3600,20.0900,21.9400,98.6000,0.8641,0.8497
2026-02-10,14.9400,17.7900,20.4300,22.3300,100.8100,0.8708,0.8398
2026-02-11,14.1800,17.6500,20.3700,22.2600,102.1500,0.8665,0.8034
2026-02-12,19.8000,20.8200,22.1700,23.4400,112.3000,0.9391,0.9510
2026-02-13,18.7700,20.6000,22.1700,23.5600,115.5200,0.9292,0.9112
2026-02-16,,21.2000,,,,,
2026-02-17,20.3100,20.2900,21.6000,23.1800,107.0900,0.9394,1.0010
2026-02-18,19.0800,19.6200,21.3900,23.0900,108.6900,0.9173,0.9725
2026-02-19,19.8700,20.2300,21.8800,23.5600,111.6700,0.9246,0.9822
2026-02-20,18.0200,19.0900,21.0900,23.0700,108.7100,0.9052,0.9439
2026-02-23,21.1100,21.0100,22.1400,23.9100,115.6600,0.9490,1.0048
2026-02-24,18.6000,19.5500,21.3400,23.3100,108.6100,0.9161,0.9514
2026-02-25,16.2800,17.9300,20.3600,22.7900,103.9800,0.8806,0.9080
2026-02-26,16.6500,18.6300,20.8100,23.0900,104.1500,0.8952,0.8937
2026-02-27,18.5900,19.8600,21.5600,23.5900,110.8900,0.9212,0.9361
2026-03-02,21.1800,21.4400,22.4400,24.1500,113.4400,0.9554,0.9879
2026-03-03,24.5500,23.5700,23.5400,24.7500,116.0200,1.0013,1.0416
2026-03-04,20.6000,21.1500,22.2900,23.9000,106.9400,0.9489,0.9740
2026-03-05,23.5500,23.7500,23.8600,24.9200,115.9300,0.9954,0.9916
2026-03-06,30.4400,29.4900,27.5600,27.9900,140.4400,1.0700,1.0322
2026-03-09,27.8500,25.5000,25.3400,26.1400,122.6000,1.0063,1.0922
2026-03-10,25.5400,24.9300,25.5100,26.3900,125.3600,0.9773,1.0245
2026-03-11,24.4400,24.2300,24.9700,25.8500,122.4900,0.9704,1.0087
2026-03-12,28.9800,27.2900,26.9500,27.2600,130.1800,1.0126,1.0619
2026-03-13,28.0000,27.1900,27.2800,27.4300,131.0500,0.9967,1.0298
2026-03-16,24.3300,23.5100,24.9200,25.6300,116.7800,0.9434,1.0349
2026-03-17,22.3600,22.3700,24.3300,25.2800,110.5500,0.9194,0.9996
2026-03-18,26.0300,25.0900,26.5600,27.2000,126.5000,0.9447,1.0375
2026-03-19,24.0900,24.0600,25.5400,26.4400,118.0900,0.9421,1.0012
2026-03-20,26.9500,26.7800,27.4300,28.3500,126.2800,0.9763,1.0063
2026-03-23,27.7600,26.1500,26.1000,26.9400,122.8200,1.0019,1.0616
2026-03-24,28.2100,26.9500,26.5600,27.2200,124.1400,1.0147,1.0468
2026-03-25,25.2600,25.3300,25.6300,26.6900,119.3700,0.9883,0.9972
2026-03-26,27.0500,27.4400,27.1600,27.9100,124.4300,1.0103,0.9858
2026-03-27,30.6400,31.0500,29.2700,29.7800,133.1800,1.0608,0.9868
2026-03-30,30.5700,30.6100,29.1300,29.6800,127.8400,1.0508,0.9987
2026-03-31,24.1800,25.2500,25.5500,26.9300,116.0500,0.9883,0.9576
2026-04-01,23.6100,24.5400,24.8600,26.1700,114.8300,0.9871,0.9621
2026-04-02,21.7100,23.8700,24.7200,26.0300,115.3300,0.9656,0.9095
2026-04-06,23.9000,24.1700,24.7700,25.8200,113.5300,0.9758,0.9888
2026-04-07,27.2700,25.7800,25.5700,26.4100,117.3000,1.0082,1.0578
2026-04-08,19.1600,21.0400,22.6800,24.0200,111.0700,0.9277,0.9106
2026-04-09,16.8100,19.4900,21.8100,23.3900,105.3700,0.8936,0.8625
2026-04-10,16.3600,19.2300,21.8600,23.5100,107.3000,0.8797,0.8508
2026-04-13,17.3300,19.1200,21.3400,23.0000,102.6300,0.8960,0.9064
2026-04-14,16.7000,18.3600,20.8200,22.7700,95.4000,0.8818,0.9096
2026-04-15,16.0100,18.1700,20.7800,22.8400,97.6500,0.8744,0.8811
2026-04-16,15.4600,17.9400,20.7700,22.7800,96.8000,0.8637,0.8618
2026-04-17,14.8100,17.4800,20.5100,22.5700,95.1300,0.8523,0.8473
2026-04-20,17.7900,18.8700,21.2400,23.1400,98.1500,0.8884,0.9428
2026-04-21,18.6800,19.5000,21.5100,23.1900,101.8900,0.9066,0.9579
2026-04-22,17.2900,18.9200,21.2400,23.1300,98.7300,0.8908,0.9138
2026-04-23,18.0400,19.3100,21.4800,23.3100,98.5700,0.8990,0.9342
2026-04-24,16.7100,18.7100,21.3000,23.2700,97.1800,0.8784,0.8931
2026-04-27,16.6900,18.0200,20.7700,23.0300,93.8600,0.8676,0.9262
2026-04-28,16.6900,17.8300,20.4900,22.8700,91.0300,0.8702,0.9361
2026-04-29,17.6100,18.8100,21.1900,23.2500,96.0200,0.8877,0.9362
2026-04-30,14.3700,16.8900,20.0800,22.6100,93.7000,0.8411,0.8508
2026-05-01,14.1500,16.9900,20.3700,22.6900,95.1700,0.8341,0.8328
2026-05-04,16.6000,18.2900,21.0500,23.0700,98.2900,0.8689,0.9076
2026-05-05,14.6400,17.3800,20.8200,22.9400,95.2600,0.8348,0.8423
2026-05-06,14.7600,17.3900,20.5700,22.6500,93.7000,0.8454,0.8488
2026-05-07,14.5600,17.0800,20.3500,22.4800,93.6100,0.8393,0.8525
2026-05-08,14.2100,17.1900,20.5000,22.5900,96.7800,0.8385,0.8266
2026-05-11,16.8900,18.3800,21.2400,23.0600,98.0600,0.8653,0.9189
2026-05-12,16.3400,17.9900,21.0400,23.0300,98.5500,0.8550,0.9083
2026-05-13,15.8700,17.8700,21.1800,23.2000,98.3600,0.8437,0.8881
2026-05-14,15.1400,17.2600,20.8500,22.9800,94.2600,0.8278,0.8772
2026-05-15,16.3700,18.4300,21.3600,23.2500,92.9400,0.8628,0.8882
2026-05-18,16.8600,17.8200,20.9200,22.8600,91.1800,0.8518,0.9461
2026-05-19,16.6400,18.0600,21.1200,23.0100,94.6100,0.8551,0.9214
2026-05-20,15.1400,17.4400,20.7600,22.8100,96.4500,0.8401,0.8681
2026-05-21,14.0800,16.7600,20.0000,22.2700,91.8800,0.8380,0.8401
2026-05-22,14.0700,16.7000,20.0300,22.3500,91.1600,0.8337,0.8425
2026-05-25,,16.5900,,,,,
2026-05-26,14.8400,17.0100,19.8900,22.4600,89.5500,0.8552,0.8724
2026-05-27,13.2700,16.2900,19.4500,22.1100,87.5300,0.8375,0.8146
2026-05-28,12.9800,15.7400,19.1100,21.9500,86.0300,0.8237,0.8247
2026-05-29,12.5900,15.3200,18.6600,21.6000,86.0600,0.8210,0.8218
2026-06-01,13.7600,16.0500,19.4300,22.1300,91.6000,0.8260,0.8573
2026-06-02,13.1900,15.7700,19.4900,22.1300,90.5300,0.8091,0.8364
2026-06-03,13.4100,16.0600,19.7600,22.3200,89.8000,0.8128,0.8350
2026-06-04,12.6500,15.4000,19.2300,21.8900,85.7500,0.8008,0.8214
2026-06-05,23.9200,21.5100,21.8200,23.4900,102.0400,0.9858,1.1120
2026-06-08,18.9300,18.4100,20.5800,22.5600,95.9300,0.8946,1.0282
