Date,Daily close,Max pos gamma @9:35,,M8 time,Pin strike,M8BF,BOBF,Sigma3,Important days,BF win rate ,,GXBF,Straddle,Max profit straddle,Closing call side str,,Vix open,VIX diff,"$	54,140","$	100,370","$	54,880","$	43,610","$	253,000",,,,1pm BF
,,,,,,,,0,,,"$	253,000",,,,,0,,,,,,,,,,,
,,,,,,,,0,,,"$	253,000",,,,,0,,,,,,,,,,,
,,,,,,,,0,,,"$	253,000",,,,,0,,,,,,,,,,,
04/03/2026,,,,,,,,0,,,"$	253,000",,,,,0,,,,,,,,,,,
04/02/2026,,,,,,,,0,,,"$	253,000",,,,,0,,,,,,,,,,,
04/01/2026,,,,,,,,0,NM,,"$	253,000",,,,,0,,,,,,,,,,,
03/31/2026,,,,,,,,0,EOM,,"$	253,000",,,,,0,,,,,,,,,,,
03/30/2026,,,,,,,,0,EOM-1,,"$	253,000",,,,,0,,,,,,,,,,,
03/27/2026,,,,,,,,0,EOM-2,,"$	253,000",,,,,0,,,,,,,,,,,
03/26/2026,,,,,,,,0,,,"$	253,000",,,,,0,,,,,,,,,,,
03/25/2026,,,,,,,,0,,,"$	253,000",,,,,0,,,,,,,,,,,
03/24/2026,,,,,,,,0,,,"$	253,000",,,,,0,,,,,,,,,,,
03/23/2026,,,,,,,,0,OPEX+1,,"$	253,000",,,,,0,,,,,,,,,,,
03/20/2026,,,,,,,,0,OPEX,,"$	253,000",,,,,0,,,,,,,,,,,
03/19/2026,,,,,,,,0,OPEX-1,,"$	253,000",,,,,0,,,,,,,,,,,
03/18/2026,,,,,,,,0,"FED, VIX EXP",,"$	253,000",,,,,22.36,,,,,,,,,,,
03/17/2026,6716,6770,,,,,-960,-2160,,63%,"$	253,000",-1200,,,,2.7,22.36,Down,,,,,,,,,
03/16/2026,6699,,,,,,,0,,100%,"$	255,160",,,,,0.43,25.06,Down,,,,,,,,,
03/13/2026,6632,,,,,970,,970,,58%,"$	255,160",,,,,0.77,25.49,Down,Started optional m8bf ,,,,,,,,
03/12/2026,6673,,,11:30,6650,1620,,1620,,77%,"$	254,190",,,,,-1.78,26.26,Up,,,,,,,,,
03/11/2026,6776,,,,,,,-1300,CPI,70%,"$	252,570",,-1300,,,-0.23,24.48,Down,,,,,,,,,
03/10/2026,6781,,,,,,-880,-820,,5%,"$	253,870",60,,,,6.12,24.25,Down,,,,,,,,,
03/09/2026,6796,,,10:10,6650,-1500,,-1500,,5%,"$	254,690",,,,,-2.79,30.37,Up,Trump news(war over soon),,,,,,,,
03/06/2026,6740,,,13:05,6755,800,,800,,51%,"$	256,190",,,,,-5.32,27.58,Up,,,,,,,,,
03/05/2026,6831,,,,,,,0,,44%,"$	255,390",,,,,0.05,22.26,Up,,,,,,,,,
03/04/2026,6869,6910,,,,,-1010,-410,,25%,"$	255,390",600,,,,2.68,22.31,Down,,,,,,,,,
03/03/2026,6817,,,10:40,6700,-1360,,-1360,,72%,"$	255,800",,,,,-1.78,24.99,Up,,,,,,,,,
03/02/2026,6882,,,10:00,6855,-50,,-50,NM,74%,"$	257,160",,,,,-1.92,23.21,Up,,,,,,,,,
02/27/2026,6880,,,,,,,-1120,EOM,46%,"$	257,210",,-1120,,,-3.34,21.29,Up,,,,,,,,,
02/26/2026,6909,,,,,,,0,EOM-1,79%,"$	258,330",,,,,0.79,17.95,Up,Bad strike kept coming,,,,,,,,
02/25/2026,6946,,,,,,,1170,"EOM-2, NVDA",77%,"$	258,330",1170,,,,2.8,18.74,Down,,,,,,,,,
02/24/2026,6890,,,10:50,6955,-870,520,-350,,67%,"$	257,160",,,,,-1.89,21.54,Up,,,,,,,,,
02/23/2026,6838,,,,,,,-1300,OPEX+1,77%,"$	257,510",-1300,,,,1.56,19.65,Up,,,,,,,,,
02/20/2026,6910,,,10:20,6890,520,,520,OPEX,87%,"$	258,810",,,,,-0.76,21.21,Up,,,,,,,,,
02/19/2026,6862,,,,,,,0,OPEX-1,96%,"$	258,290",,,,,-0.41,20.45,Up,,,,,,,,,
02/18/2026,6881,,,13:30,6890,520,,520,VIX EXP,67%,"$	258,290",,,,,1.56,20.04,Down,,,,,,,,,
02/17/2026,6843,,,10:50,6775,-1000,,-1000,,61%,"$	257,770",,,,,-0.68,21.60,Up,,,,,,,,,
02/13/2026,6836,,,,,,,0,CPI,53%,"$	258,770",,,,,-3.57,20.92,Up,,,,,,,,,
02/12/2026,6833,,,,,,,9600,,38%,"$	258,770",,9600,10700,,-0.59,17.35,Down,,,,,,,,,
02/11/2026,6941,,,,,,,-1300,,78%,"$	249,170",-1300,,,,0.55,16.76,Down,,,,,,,,,
02/10/2026,6942,,,10:50,6995,-1360,,-1360,,6%,"$	250,470",,560*0,,,1.51,17.31,Down,,,,,,,,,
02/09/2026,6965,,,11:10,6980,110,1980,2090,,57%,"$	251,830",,,,,1.35,18.82,Up,,,,,,,,,
02/06/2026,6932,,,,,,-350,-380,,3%,"$	249,740",-30,,,,1.6,20.17,Down,,,,,,,,,
02/05/2026,6798,,,13:40,6800,2300,,2300,AMZN,57%,"$	250,120",,,,,-3.72,21.77,Up,,,,Sigma3 P/L,,,,,
02/04/2026,6883,,,,,,,0,GOOGL,81%,"$	247,820",,,,,-1.86,18.05,Up,,,Monday,,,,,,
02/03/2026,6918,,,10:40,6945,-660,,-660,,31%,"$	247,820",,4240*0,,,1.87,16.19,Down,,,Tuesday,"$	(2,160)",,,,,
02/02/2026,6976,,,9:55,6955,-50,,-50,NM,50%,"$	248,480",,,,,-0.61,18.06,Up,,,Wednesday,,,,,,
01/30/2026,6939,,6939,,,,,-2900,EOM,75%,"$	248,530",,-2900,,,-0.46,17.45,Up,,,Thursday,,,,,,
01/29/2026,6969,,6969,,,,,0,"EOM-1, AAPL",3%,"$	251,430",,,,,-0.62,16.99,Up,,,Friday,,,,,,
01/28/2026,6978,,6978,,,,,0,"EOM-2, FED, MSFT, META",79%,"$	251,430",,,,,-0.24,16.37,Up,,,Total,"$	(2,160)",,,,,
01/27/2026,6979,,6979,10:50,6985,350,-610,-260,,54%,"$	251,430",,,,,0.29,16.13,Down,,,,,,,,,
01/26/2026,6950,,6950,9:35,6930,170,-460,-290,,93%,"$	251,690",,,,,-0.5,16.42,Up,,,,,,,,,
01/23/2026,6916,,6916,,,-1350,,-1350,,83%,"$	251,980",,,,,0,15.92,Up,,,,,,,,,
01/22/2026,6913,,6913,,,,-910,-2170,,61%,"$	253,330",-1260,,,,3.06,15.92,Down,,,,,,,,,
01/21/2026,6876,,6876,,,,,3730,VIX EXP,29%,"$	255,500",3730,,,,0.68,18.98,Down,,,,,,,,,
01/20/2026,6797,6900,103,,,,,-1300,OPEX+1,55%,"$	251,770",-1300,,,,-4.21,19.66,Up,,,,,,,,,-1180
01/16/2026,6940,,6940,,,,,0,OPEX,67%,"$	253,070",,,,,0.31,15.45,Down,,,,,,,,,
01/15/2026,6944,,6944,,,,,-1120,OPEX-1,15%,"$	253,070",-1120,,,,1.52,15.76,Down,,,,,,,,,
01/14/2026,6929,,6929,13:30,6895,-1190,,-1190,,28%,"$	254,190",,,,,-2.3,17.28,Up,,,,,,,,,-1040
01/13/2026,6964,,6964,,,,,-1300,CPI,62%,"$	255,380",,-1300,,,0.81,14.98,Down,,,,,,,,,
01/12/2026,6977,,6977,11:10,6975,890,1200,2090,-6210,83%,"$	256,680",,,,,-0.41,15.79,Up,,,,,,,,,
01/09/2026,6966,,6966,12:00,6955,340,,340,,81%,"$	254,590",,,,,0.3,15.38,Down,,,,,,,,,
01/08/2026,6921,,6921,13:40,6920,970,,970,,93%,"$	254,250",,,,,-0.7,15.68,Up,,,,,,,,,
01/07/2026,6921,,6921,13:30,6945,-970,-810,-1780,,4%,"$	253,280",,,,,-0.05,14.98,Up,,,,,,,,,
01/06/2026,6944,,6944,11:10,6910,-1120,940,-180,,50%,"$	255,060",,,,,0,14.93,Up,,,,,,,,,
01/05/2026,6902,,6902,11:10,6910,410,,410,,97%,"$	255,240",,,,,-0.22,14.93,Up,,,,,,,,,
01/02/2026,6858,,6858,,,,,-260,NM,84%,"$	254,830",,-260,3000,,-0.18,14.71,Down,,,,,,,,,
12/31/2025,6845,,6845,,,,,2900,EOM,33%,"$	255,090",,2900,2900,,-0.13,14.53,Up,,,,,,,,,
12/30/2025,6896,,6896,10:50,6910,-130,,-130,EOM-1,58%,"$	252,190",,,,,0.44,14.40,Up,,,,,,,,,
12/29/2025,6906,,6906,11:10,6910,850,,850,EOM-2,70%,"$	252,320",,,,,-0.65,14.84,Up,,,,,,,,,
12/26/2025,6930,,6930,,,,,0,,83%,"$	251,470",,,,,-0.25,14.19,Up,,,,,,,,,
12/24/2025,6932,,6932,,,,1070,1070,Short day,71%,"$	251,470",,,,,0.22,13.94,Down,,,,,,,,,
12/23/2025,6910,,6910,10:50,6910,1720,1980,3700,,58%,"$	250,400",,,,,0.7,14.16,Up,,,,,,,,,
12/22/2025,6878,6880,2,,,,-400*0,1680,OPEX+1,41%,"$	246,700",1680,-1070*0,1,,1.15,14.86,Down,,,,,,,,,
12/19/2025,6835,6850,15,,,,1740,2890,OPEX,85%,"$	245,020",1150,,,,0.45,16.01,Down,,,,,,,,,
12/18/2025,6775,,6775,,,,,-1300,"CPI, OPEX-1",16%,"$	242,130",,-1300,1,,-0.28,16.46,Down,,,,,,,,,
12/17/2025,6721,,6721,13:30,6745,-670,,-670,VIX EXP,7%,"$	243,430",,5200*0,,,0.63,16.18,Down,,,,,,,,,
12/16/2025,6800,,6800,10:50,6785,800,,800,,61%,"$	244,100",,,,,-0.72,16.81,Up,,,,,,,,,-1220
12/15/2025,6817,,6817,11:10,6810,1540,,1540,,82%,"$	243,300",,,,,-1,16.09,Up,,,,,,,,,
12/12/2025,6827,,6827,1055,,-510,,-510,,40%,"$	241,760",,,,,1.01,15.09,Up,,,,,,,,,
12/11/2025,6901,,6901,13:40,6890,10,1860,1870,,53%,"$	242,270",,,,,1.36,16.1,Up,,,,,,,,,-320
12/10/2025,6887,,6887,,,,,0,FED,16%,"$	240,400",,,,,-0.37,17.46,Up,,,,,,,,,-80
12/09/2025,6840,,6840,13:30,6850,-690,-1040,-1730,,71%,"$	240,400",,,,,-0.71,17.09,Up,,,,,,,,,-470
12/08/2025,6846,6900,54,9:35,6880,-1210,,-1210,,93%,"$	242,130",,,,,-0.63,16.38,Up,,,,,,,,,
12/05/2025,6870,6900,30,12:00,6875,1180,,1180,,84%,"$	243,340",,,,,0.28,15.75,Down,,,,,,,,,
12/04/2025,6857,6885,28,,,,,-1830,,93%,"$	242,160",,-1830,900,420,0.96,16.03,Down,,,,,,,,,
12/03/2025,6850,6850,0,13:30,6845,760,1460,2220,,89%,"$	243,990",,,,,-0.21,16.99,Up,,,,,,,,,1160
12/02/2025,6829,6850,21,10:50,6845,180,-1090,-910,,71%,"$	241,770",,,,,1.14,16.78,Down,,,,,,,,,
12/01/2025,6813,6850,37,9:35,6805,1660,,1660,NM,100%,"$	242,680",,,,,0.6,17.92,Up,,,,,,,,,
11/28/2025,6849,6835,14,,,,1200,1200,EOM,95%,"$	241,020",,,,,-0.66,18.52,Up,"Market glitch, short day",,,,,,,,
11/26/2025,6813,6815,2,,,,,1600,EOM-1,31%,"$	239,820",1600,,,,2.43,17.86,Down,,,,,,,,,
11/25/2025,6766,6750,16,13:20,6745,-860,,-860,EOM-2,16%,"$	238,220",,,,,2.16,20.29,Down,,,,,,,,,
11/24/2025,6705,6700,5,,,,1120,3310,OPEX+1,100%,"$	239,080",2190,,,,2.76,22.45,Down,,,,,,,,,
11/21/2025,6603,6630,27,,,,,1850,OPEX,36%,"$	235,770",1850,,,,-5.71,25.21,Down,,,,,,,,,
11/20/2025,6539,6785,246,,6555,1720,,1720,OPEX-1,35%,"$	233,920",,,,,4.45,19.50,Down,Gap,,,,,,,,
11/19/2025,6642,6690,48,,,,,-1080,"VIX EXP, NVDA",81%,"$	232,200",-1080,,,,-0.21,23.95,Down,,,,,,,,,
11/18/2025,6617,6700,83,,6600,1630,,1630,,42%,"$	233,280",,,,,-2.53,23.74,Up,,,,,,,,,-1090
11/17/2025,6672,6780,108,,6725,-1020,,-1020,,15%,"$	231,650",,,,,1.22,21.21,Up,,,,,,,,,
11/14/2025,6734,6715,19,,6750,1040,,1040,,55%,"$	232,670",,,,,-4.24,22.43,Up,Gap,,,,,,,,-670
11/13/2025,6737,6870,133,,6805,-1190,,-1190,,28%,"$	231,630",,,,,-0.9,18.19,Up,,,,,,,,,-80
11/12/2025,6850,6870,20,,6845,1060,,1060,,100%,"$	232,820",,,,,0.35,17.29,Up,,,,,,,,,1210
11/11/2025,6847,6860,13,,6805,-1190,,-1190,,51%,"$	231,760",,,,,0.54,17.64,Up,,,,,,,,,440
11/10/2025,6832,6825,7,,,,1660,3210,,4%,"$	232,950",,1550,2150,,2.67,18.18,Down,,,,,,,,,
11/07/2025,6729,6755,26,,6645,-1200,,-1200,,0%,"$	229,740",,,,,-2.49,20.85,Up,,,,,,,,,-1030
11/06/2025,6720,6820,100,,6755,-1140,,-1140,,36%,"$	230,940",,,,,0.7,18.36,Up,,,,,,,,,910
11/05/2025,6796,6800,4,,6830,-1030,,-1030,,29%,"$	232,080",,,,,-0.08,19.06,Up,,,,,,,,,-1290
11/04/2025,6772,6810,38,,6805,-1100,,-1100,,31%,"$	233,110",,,,,-1.56,18.98,Up,Gap,,,,,,,,970
11/03/2025,6852,6900,48,,,,,20,NM,97%,"$	234,210",,20,3200,140,-1.17,17.42,Down,,,,,,,,,
10/31/2025,6840,6905,65,,,,,550,EOM,80%,"$	234,190",,550,3200,,0.54,16.25,Down,,,,,,,,,
10/30/2025,6822,6900,78,,,,,560,"AAPL, AMZN, EOM-1",1%,"$	233,640",,560,600,2050,-0.26,16.79,Down,,,,,,,,,
10/29/2025,6891,6960,69,,,,,0,"MSFT,META,FED,GOOG, EOM-2",7%,"$	233,080",,,,,-0.8,16.53,Up,,,,,,,,,970
10/28/2025,6891,6900,9,,,,,-1160,,96%,"$	233,080",,-1160,650,70,-0.08,15.73,Down,,,,,,,,,
10/27/2025,6875,6880,5,,6880,,1200,3410,,67%,"$	234,240",2210,,,,0.89,15.65,Down,,,,,,,,,
10/24/2025,6792,6820,28,,,,,-1010,CPI,37%,"$	230,830",,-1010,500,,2.29,16.54,Down,,,,,,,,,
10/23/2025,6738,6750,12,,6705,-980,1740,760,,44%,"$	231,840",,,,,0.14,18.83,Up,,,,,,,,,690
10/22/2025,6699,6750,51,,6695,1400,,1400,VIX EXP,72%,"$	231,080",,,,,-0.38,18.97,Up,,,,,,,,,
10/21/2025,6735,6760,25,,6745,390,,390,,68%,"$	229,680",,,,,1.37,18.59,Up,,,,,,,,,1270
10/20/2025,6735,6740,5,,6705,,450,2190,OPEX+1,53%,"$	229,290",1740,,,,4.55,19.96,Down,,,,,,,,,
10/17/2025,6664,6650,14,,6650,,,1910,OPEX,62%,"$	227,100",1910,,,,-4.23,24.51,Down,,,,,,,,,
10/16/2025,6629,6735,106,,,,,2900,OPEX-1,27%,"$	225,190",,2900,6100,,-0.84,20.28,Down,,,,,,,,,
10/15/2025,6671,6730,59,,6705,,-860*0,-1350,,41%,"$	222,290",-1350,,,,2.26,19.44,Down,,,,,,,,,
10/14/2025,6644,6660,16,,6605,-1200,,-1200,,14%,"$	223,640",,,,,-1.61,21.7,Up,Gap,,,,,,,,340
10/13/2025,6655,6685,30,,,,,0,,100%,"$	224,840",,,,,-3.56,20.09,Down,Gap,,,,,,,,
10/10/2025,6553,6765,212,,6755,-1220,,-1220,,0%,"$	224,840",,,,,-0.16,16.53,Up,Trump tariff,,,,,,,,-1370
10/09/2025,6735,6775,40,,6715,130,,130,,45%,"$	226,060",,,,,0.69,16.37,Up,,,,,,,,,-150
10/08/2025,6754,6750,4,,6740,130,720,850,,91%,"$	225,930",,610*0,,,-0.77,17.06,Down,,,,,,,,,
10/07/2025,6715,6785,70,,,,,1060,,71%,"$	225,080",,1060,2500,60,0.46,16.29,Down,,,,,,,,,
10/06/2025,6740,6765,25,,6745,930,,930,,81%,"$	224,020",,,,,-0.32,16.75,Up,Thursday 10:30,,,,,,,,
10/03/2025,6716,6750,34,10:45,6745,-1180,,-1180,,54%,"$	223,090",,-2110*0,700,,-0.39,16.43,Down,Friday 10:45,,,,,,,,
10/02/2025,6715,6740,25,,,,,-460,,99%,"$	224,270",,-460,1800,90,0.61,16.04,Down,,,,,,,,,
10/01/2025,6711,6690,21,,6695,,1240,3150,NM,61%,"$	224,730",,1910,,,-0.26,16.65,Up,,,,,,,,,-650
09/30/2025,6688,6680,8,,,,,860,EOM,9%,"$	221,580",,860,1150,,-0.42,16.39,Up,,,,,,,,,
09/29/2025,6661,6700,39,,6670,740,,740,EOM-1,80%,"$	220,720",,,,,0.67,15.97,Up,,,,,,,,,
09/26/2025,6644,6645,1,,,,,-160,EOM-2,63%,"$	219,980",,-160,1000,,0.62,16.64,Down,,,,,,,,,
09/25/2025,6605,6635,30,,6555,-1290,,-1290,,83%,"$	220,140",,,,,-0.87,17.26,Up,,,,,,,,,1400
09/24/2025,6638,6685,47,,6645,400,,400,,71%,"$	221,430",,1300*0,,,-0.39,16.39,Down,,,,,,,,,
09/23/2025,6657,6700,43,,,,,1400,,35%,"$	221,030",,1400,2300,,0.02,16,Down,,,,,,,,,
09/22/2025,6694,6665,29,,6655,,2100,830,OPEX+1,58%,"$	219,630",-1270,,,,-0.57,16.02,Up,,,,,,,,,
09/19/2025,6664,6665,1,,6645,-630,,-630,OPEX,28%,"$	218,800",,-720*0,,,-0.14,15.45,Down,,,,,,,,,
09/18/2025,6632,6665,33,14:00,6645,-270,,-270,OPEX-1,56%,"$	219,430",,-2170*0,840,,0.67,15.31,Down,,,,,,,,,
09/17/2025,6600,6620,20,,,,,0,"FED, VIX EXP",100%,"$	219,700",,,,,-0.31,15.98,Down,,,,,,,,,
09/16/2025,6607,6640,33,10:50,6605,1110,,1110,,85%,"$	219,700",,60*0,750,,-0.71,15.67,Down,,,,,,,,,
09/15/2025,6615,6620,5,,6610,760,-490,270,,96%,"$	218,590",,,,,-0.17,14.96,Up,,,,,,,,,
09/12/2025,6584,6600,16,,6595,-70,,-70,,55%,"$	218,320",,,,,-0.01,14.79,Up,,,,,,,,,
09/11/2025,6587,6570,17,,,,1120,3210,CPI,81%,"$	218,390",,2090,,,0.04,14.78,Down,,,,,,,,,
09/10/2025,6532,6560,28,,6545,-170,,-170,,72%,"$	215,180",,-310*0,,,0.62,14.82,Down,,,,,,,,,
09/09/2025,6513,6520,7,,6495,-400,,-400,,43%,"$	215,350",,,,,0,15.44,Up,,,,,,,,,
09/08/2025,6495,6510,15,,6505,410,,410,,96%,"$	215,750",,,,,-0.59,15.44,Up,,,,,,,,,
09/05/2025,6481,6550,69,,,,,2350,,8%,"$	215,340",,2350,6050,,1.34,14.85,Down,,,,,,,,,
09/04/2025,6502,6475,27,,,,1200,3800,,1%,"$	212,990",,2600,2600,,0.95,16.19,Down,,,,,,,,,
09/03/2025,6448,6480,32,,6450,1500,,1500,,69%,"$	209,190",,,,,2.03,17.14,Up,,,,,,,,,-650
09/02/2025,6415,6420,5,13:35,6395,-720,,-720,NM,49%,"$	207,690",,-1660*0,,,-4.59,19.17,Up,Gap,,,,,,,,-1140
08/29/2025,6460,6500,40,,6455,1250,,1250,EOM,95%,"$	208,410",,830*0,1700,,-0.44,14.58,Up,,,,,,,,,
08/28/2025,6502,6500,2,,,,,1600,EOM-1,100%,"$	207,160",1600,,,,0.78,14.14,Down,,,,,,,,,
08/27/2025,6481,6475,6,,6480,,,0,"NVDA, EOM-2",75%,"$	205,560",,,,,0.42,14.92,Up,,,,,,,,,
08/26/2025,6466,6453,13,,6445,,,900,,3%,"$	205,560",,900,1000,,-0.31,15.34,Up,,,,,,,,,
08/25/2025,6439,6470,31,,6465,-950,,-950,,0%,"$	204,660",,,,,1.46,15.03,Up,,,,,,,,,
08/22/2025,6467,6440,27,,,,1520,1520,,47%,"$	205,610",,,,,0.08,16.49,Down,Straddle did not trigger,,,,,,,,
08/21/2025,6370,6400,30,,6375,750,,750,,71%,"$	204,090",,,,,-0.79,16.57,Up,,,,,,,,,1200
08/20/2025,6396,6420,24,,6370,-880,,-880,VIX EXP,55%,"$	203,340",,,,,-0.82,15.78,Up,Wednesday 12:00,,,,,,,,
08/19/2025,6411,6450,39,1050,6445,-1060,,-1060,,48%,"$	204,220",,1360*0,2270,,0.47,14.96,Down,,,,,,,,,
08/18/2025,6449,6460,11,,6455,,,530,OPEX+1,99%,"$	205,280",530,,,,-0.79,15.43,Up,,,,,,,,,
08/15/2025,6450,6490,40,,,,,0,OPEX,100%,"$	204,750",,150*0,570,,0.49,14.64,Down,,,,,,,,,
08/14/2025,6469,6475,6,,6455,-100,,-100,OPEX-1,35%,"$	204,750",,,,,-0.76,15.13,Up,Thursday 14:00,,,,,,,,
08/13/2025,6467,6480,13,,6445,-1070,,-1070,,63%,"$	204,850",,-1780*0,,,0.92,14.37,Down,Wednesday 13:35,,,,,,,,
08/12/2025,6446,6420,26,,6395,,790,4650,CPI,54%,"$	205,920",,3860,,,0.63,15.29,Down,,,,,,,,,
08/11/2025,6373,6400,27,,6395,-500,-830,-1330,,7%,"$	201,270",,,,,0.17,15.92,Up,,,,,,,,,
08/08/2025,6389,6380,9,,,,,890,,93%,"$	202,600",,890,1470,,0.13,16.09,Down,,,,,,,,,
08/07/2025,6340,6400,60,,6355,320,,320,,75%,"$	201,710",,1020*0,,,1.52,16.22,Down,Thursday 10:50,,,,,,,,
08/06/2025,6345,6330,15,,6345,890,1550,2440,,85%,"$	201,390",,850*0,,,-0.16,17.74,Down,,,,,,,,,
08/05/2025,6299,6350,51,,6290,1180,,1180,,88%,"$	198,950",,1200*0,,,1.09,17.58,Up,,,,,,,,,200
08/04/2025,6330,6310,20,,6270,,,180,,1%,"$	197,770",180,2900*0,,,0.24,18.67,Down,,,,,,,,,
08/01/2025,6238,6285,47,,6255,,,1550,NM,99%,"$	197,590",,1550,,,-3.62,18.91,Up,,,,,,,,,1870
07/31/2025,6339,6440,101,,6405,,,5560,"AAPL, AMZN, EOM",16%,"$	196,040",,5560,7100,,0.61,15.29,Down,Gap,,,,,,,,
07/30/2025,6363,6400,37,,,,,-1140,"FED, MSFT, META, EOM-1",8%,"$	190,480",,-1140,1290,,-1.13,15.9,Down,6040,,,,,,,,
07/29/2025,6371,6420,49,,,,,1740,EOM-2,49%,"$	191,620",,1740,2280,,0.5,14.77,Down,,,,,,,,,
07/28/2025,6390,,6390,,6395,900,,900,,80%,"$	189,880",,,,,0.01,15.27,Up,,,,,,,,,
07/25/2025,6389,,6389,,,,,30,,79%,"$	188,980",,30,750,,-0.24,15.28,Down,,,,,,,,,
07/24/2025,6363,,6363,,,,,-1280,,51%,"$	188,950",,-1280,1,,1.13,15.04,Down,,,,,,,,,
07/23/2025,6359,6350,9,,6345,,,0,GOOGL,29%,"$	190,230",,1400*0,1400,,0.68,16.17,Down,,,,,,,,,
07/22/2025,6310,,6310,,6305,890,,890,,88%,"$	190,230",,-1450*0,,,-0.03,16.85,Up,,,,,,,,,10
07/21/2025,6306,6320,14,,6305,,-840,-900,OPEX+1,7%,"$	189,340",-60,,,,-0.43,16.82,Up,,,,,,,,,
07/18/2025,6297,,6297,,,,,0,OPEX,100%,"$	190,240",,-300*0,600,,0.81,16.39,Down,,,,,,,,,
07/17/2025,6297,,6297,,6280,-360,,-360,OPEX-1,72%,"$	190,240",,,,,-0.5,17.20,Up,,,,,,,,,180
07/16/2025,6264,,6264,,6255,,,1090,VIX EXP,49%,"$	190,600",1090,,,,-0.08,16.7,Down,,,,,,,,,
07/15/2025,6244,,6244,,,,,-1220,CPI,13%,"$	189,510",,-1220,,,0.59,16.62,Down,,,,,,,,,
07/14/2025,6269,,6269,,6255,150,,150,,83%,"$	190,730",,,,,-0.55,17.21,Up,Monday to 9:35,,,,,,,,
07/11/2025,6260,,6260,,6255,750,,750,,99%,"$	190,580",,,,,-0.73,16.66,Up,13:40,,,,,,,,650
07/10/2025,6280,,6280,,6260,,,-560,,69%,"$	189,830",,-560,400,,0.05,15.93,Down,,,,,,,,,
07/09/2025,6263,,6263,,6245,,270,1290,,64%,"$	190,390",1020,,,,1.14,15.98,Down,,,,,,,,,
07/08/2025,6225,,6225,,6255,,,1360,,40%,"$	189,100",1360,-1300*0,,,0.49,17.12,Down,,,,,,,,,
07/07/2025,6230,6275,45,,6245,,,0,,86%,"$	187,740",,630*0,,,-1.45,17.61,Up,,,,,,,,,
07/03/2025,6279,,6279,,6285,,220*0,1400,,60%,"$	187,740",,1400,1900,,1.17,16.16,Down,Short day,,,,,,,,
07/02/2025,6227,,6227,,6220,100,1330,1430,,40%,"$	186,340",,,,,-0.26,17.33,Up, ,,,,,,,,250
07/01/2025,6198,,6198,10:50,6170,-650,-630,-1280,NM,47%,"$	184,910",,-1170*0,,,0.04,17.07,Up,,,,,,,,,1020
06/30/2025,6204,,6204,,6195,,,-1520,EOM,100%,"$	186,190",,-1520,,,-0.83,17.11,Up,,,,,,,,,
06/27/2025,6173,,6173,,,,,120,EOM-1,36%,"$	187,710",,120,1600,,0.29,16.28,Down,Friday 13:50,,,,,,,,
06/26/2025,6143,,6143,,,,,1000,EOM-2,85%,"$	187,590",,1000,1000,,0.49,16.57,Down,Thursday 10:45,,,,,,,,
06/25/2025,6092,6120,28,,6095,670,,670,,52%,"$	186,590",,-820*0,160,,0.97,17.06,Down,Wednesday 13:35,,,,,,,,
06/24/2025,6092,,6092,,6080,,1220,2740,,85%,"$	185,920",1520,450*0,,,2.88,18.03,Down,Tuesday 10:50,,,,,,,,
06/23/2025,6025,6000,25,,6005,,1930,1670,OPEX+1,5%,"$	183,180",-260,,,,-1.49,20.91,Up,Monday 10:40,,,,,,,,
06/20/2025,5968,6050,82,,5965,,,-1110,OPEX,87%,"$	181,510",-1110,70*0,,,1.47,19.42,Down,,,,,,,,,
06/18/2025,5981,,5981,,,,,670,"VIX EXP, FED, OPEX-1",5%,"$	182,620",670,,,,-1.01,20.89,Down,,,,,,,,,
06/17/2025,5983,,5983,,5985,3100,,3100,,88%,"$	181,950",,,,,-0.36,19.88,Up,,,,,,,,,-750
06/16/2025,6033,,6033,,6045,,1050,1950,,91%,"$	178,850",900,-260*0,,,0.25,19.52,Down,,,,,,,,,
06/13/2025,5977,,5977,,6005,-1000,,-1000,,39%,"$	176,900",,,,,-1.73,19.77,Up,,,,,,,,,-1180
06/12/2025,6045,,6045,,6045,1500,540,2040,,89%,"$	177,900",,,,,-1.49,18.04,Up, Thursdays to 1045 from 2,,,,,,,,400
06/11/2025,6022,,6022,,,,,-960,CPI,19%,"$	175,860",,-960,,,0.56,16.55,Down,,,,,,,,,
06/10/2025,6039,,6039,,,,980,1180,,76%,"$	176,820",,200,600,,0.36,17.11,Down, Tuesday to 10:50 f 1120,,,,,,,,
06/09/2025,6006,,6006,,6005,1400,,1400,,85%,"$	175,640",,,,,-0.34,17.47,Up,Mondays to 11:10 f1430,,,,,,,,
06/06/2025,6000,,6000,,5995,,830,2960,,100%,"$	174,240",2130,-1480*0,,,0.32,17.13,Down, Fridays to 1 f 1:50pm,,,,,,,,
06/05/2025,5939,,5939,,,,-890,510,,37%,"$	171,280",,1400,2900,,0.1,17.45,Down,,,,,,,,,
06/04/2025,5971,6000,29,,5995,840,,840,,25%,"$	170,770",,-1900*0,,,0.71,17.55,Down,,,,,,,,,
06/03/2025,5970,,5970,,,,1520,1780,,97%,"$	169,930",,260,1320,,0.98,18.26,Down,,,,,,,,,
06/02/2025,5936,,5936,,5925,-80,,-80,NM,11%,"$	168,150",,,,,0.4,19.24,Up,,,,,,,,,
05/30/2025,5912,,5912,,5895,450,700,1150,EOM,100%,"$	168,230",,-2820*0,3200,,-0.65,19.64,Up,,,,,,,,,
05/29/2025,5912,,5912,,,,,-420,EOM-1,95%,"$	167,080",,-420,2700,,0.05,18.99,Down,,,,,,,,,
05/28/2025,5889,,5889,,5905,,,0,"NVDA, EOM-2",60%,"$	167,500",,,,,1.59,19.04,Up,,,,,,,,,-810
05/27/2025,5922,5900,22,,5905,,1900,3000,,55%,"$	167,500",1100,3400*0,,,3.71,20.63,Down,,,,,,,,,
05/23/2025,5803,,5803,,5805,2030,,2030,,100%,"$	164,500",,,,,-3.24,24.34,Up,Euro tariffs again,,,,,,,,1640
05/22/2025,5842,,5842,,5855,500,,500,,84%,"$	162,470",,-3000*0,,,-2.25,21.1,Up,,,,,,,,,1570
05/21/2025,5845,,5845,,5945,-900,,-900,VIX EXP,7%,"$	161,970",,,,,-0.76,18.85,Up,Bond auction panic(1pm),,,,,,,,
05/20/2025,5940,,5940,,5955,,,-2510,,76%,"$	162,870",,-2510,500,,1.07,18.09,Down,,,,,,,,,
05/19/2025,5964,5950,14,,5955,,1910,3730,OPEX+1,84%,"$	165,380",1820,,,,-1.57,19.16,Up,Gap,,,,,,,,
05/16/2025,5958,,5958,,5945,,,0,OPEX,19%,"$	161,650",,-280*0,,,1.17,17.59,Down,,,,,,,,,
05/15/2025,5917,,5917,,5895,-200,,-200,OPEX-1,55%,"$	161,650",,,,,-0.56,18.76,Up,,,,,,,,,1230
05/14/2025,5893,5920,27,,5895,1400,,1400,,100%,"$	161,850",,-2850*0,,,-0.33,18.20,Down,,,,,,,,,
05/13/2025,5887,,5887,,5895,,-690,1310,CPI,74%,"$	160,450",,2000,,,1.87,17.87,Down,,,,,,,,,
05/12/2025,5844,,5844,,5840,750,,750,,33%,"$	159,140",,,,,2.45,19.74,Down,Gap,,,,,,,,
05/09/2025,5660,,5660,,,,,-1190,,87%,"$	158,390",,-1190,1,,0.62,22.19,Down,,,,,,,,,
05/08/2025,5664,,5664,,5695,,-840,-1310,,25%,"$	159,580",-470,,,,1.94,22.81,Down,,,,,,,,,
05/07/2025,5631,,5631,,,,,0,FED,23%,"$	160,890",,,,,0.02,24.75,Down,,,,,,,,,
05/06/2025,5607,,5607,,5605,2580,,2580,,87%,"$	160,890",,,,,-0.65,24.77,Up,,,,,,,,,1500
05/05/2025,5650,,5650,,5670,-180,,-180,,35%,"$	158,310",,,,,-1.31,24.12,Up,,,,,,,,,
05/02/2025,5687,,5687,,5695,,1140,2640,,68%,"$	158,490",1500,,,,1.19,22.81,Down,,,,,,,,,
05/01/2025,5604,5650,46,,5620,,,-1100,"AAPL, AMZN, NM",36%,"$	155,850",,-1100,1,,2.84,24,Down,Gap,,,,,,,,
04/30/2025,5569,,5569,,5505,,,3410,"MSFT, META, EOM",0%,"$	156,950",,3410,4800,,-1.14,26.84,Up,Gap,,,,,,,,
04/29/2025,5561,,5561,,5545,750,,750,EOM-1,89%,"$	153,540",,,,,-0.72,25.70,Up,Gap,,,,,,,,
04/28/2025,5529,,5529,,5505,-1000,,-1000,EOM-2,39%,"$	152,790",,,,,1.61,24.98,Up,,,,,,,,,
04/25/2025,5525,,5525,,5505,100,,100,,68%,"$	153,790",,300*0,,,1.22,26.59,Up,,,,,,,,,330
04/24/2025,5485,,5485,14:00,5445,,,0,GOOGL,7%,"$	153,690",,,,,-0.06,27.81,Down,,,,,,,,,
04/23/2025,5376,,5376,,5395,450,,450,,97%,"$	153,690",,,,,4.04,27.75,Down,Gap,,,,,,,,
04/22/2025,5288,,5288,,5275,2500,,2500,,43%,"$	153,240",,,,,0.18,31.79,Down,Gap,,,,,,,,
04/21/2025,5158,5295,137,,5105,,,0,OPEX+1,20%,"$	150,740",,,,,-1.01,31.97,Up,Gap,,,,,,,,
04/17/2025,5283,,5283,,5305,,,0,OPEX,84%,"$	150,740",,,,,0.64,30.96,Down,,,,,,,,,
04/16/2025,5276,,5276,,5305,-520,,-520,"VIX EXP, OPEX-1",48%,"$	150,740",,,,,-1.69,31.6,Up,Gap,,,,,,,,
04/15/2025,5397,,5397,,5395,3600,,3600,,60%,"$	151,260",,-1860*0,,,2.13,29.91,Down,,,,,,,,,
04/14/2025,5406,,5406,,5405,2170,,2170,,75%,"$	147,660",,,,,11.56,32.04,Down,Gap,,,,,,,,
04/11/2025,5363,,5363,,5395,100,,100,,11%,"$	145,490",,,,,-7.47,43.6,Up,,,,,,,,,850
04/10/2025,5268,5500,232,,5195,,,0,CPI,5%,"$	145,390",,,,,14.26,36.13,Up,,,,,,,,,
04/09/2025,5457,,5457,,5305,,,0,,0%,"$	145,390",,,,,-11.91,50.39,Down,,,,,,,,,
04/08/2025,4983,,4983,,5145,-1130,,-1130,,15%,"$	145,390",,,,,11.87,38.48,Down,,,,,,,,,
04/07/2025,5062,,5062,,5095,340,,340,,11%,"$	146,520",,,,,-13.46,50.35,Up,,,,,,,,,
04/04/2025,5074,,5074,,5100,1350,,1350,Unemp,91%,"$	146,180",,,,,-10.51,36.89,Up,China tariff response,,,,,,,,-1400
04/03/2025,5397,,5397,,5405,2600,,2600,,67%,"$	144,830",,,,,-3.14,26.38,Up,Trump tariff,,,,,,,,-1240
04/02/2025,5671,,5671,,5605,-1300,710,-590,,50%,"$	142,230",,,,,-0.56,23.24,Up,Trump tariff,,,,,,,,-1160
04/01/2025,5633,5620,13,,5605,,,100,NM,25%,"$	142,820",,100,1500,,1.41,22.68,Up,,,,,,,,,1530
03/31/2025,5612,,5612,,5570,,,4700,EOM,0%,"$	142,720",,4700,,,-4.84,24.09,Up,,,,,,,,,
03/28/2025,5581,,5581,,5595,500,,500,EOM-1,60%,"$	138,020",,,,,-0.56,19.25,Up,,,,,,,,,
03/27/2025,5693,,5693,,5695,1300,,1300,EOM-2,12%,"$	137,520",,,,,-1.51,18.69,Up,,,,,,,,,1540
03/26/2025,5712,,5712,,5720,1400,,1400,,65%,"$	136,220",,,,,-0.04,17.18,Up,,,,,,,,,1630
03/25/2025,5777,,5777,,5795,-300,,-300,,79%,"$	134,820",,-2700*0,,,1.91,17.14,Down,,,,,,,,,
03/24/2025,5768,5775,7,,5745,,670,3030,OPEX+1,55%,"$	135,120",2360,-1200*0,,,1.65,19.05,Down,,,,,,,,,
03/21/2025,5668,,5668,,5655,400,,400,OPEX,13%,"$	132,090",,,,,0.26,20.7,Up,,,,,,,,,1200
03/20/2025,5663,,5663,,5695,-300,,-300,OPEX-1,24%,"$	131,690",,,,,0.5,20.96,Up,,,,,,,,,1880
03/19/2025,5675,,5675,,,,1850*0,0,FED,64%,"$	131,990",,,,,0.01,21.46,Down,Gap,,,,,,,,
03/18/2025,5615,,5615,,5605,1300,,1300,VIX EXP,99%,"$	131,990",,,,,0.52,21.47,Up,,,,,,,,,
03/17/2025,5675,,5675,,5695,-700,1640,940,,52%,"$	130,690",,,,,1.94,21.99,Up,,,,,,,,,
03/14/2025,5639,,5639,,5605,,,3650,,11%,"$	129,750",3650,,,,0.99,23.93,Down,,,,,,,,,
03/13/2025,5521,,5521,,5505,1200,,1200,,65%,"$	126,100",,,,,1.96,24.92,Up,,,,,,,,,1340
03/12/2025,5599,,5599,,5595,,,0,CPI,72%,"$	124,900",,,,,1.06,26.88,Down,,,,,,,,,
03/11/2025,5572,,5572,,5505,-1200,,-1200,,5%,"$	124,900",,,,,-3.24,27.94,Up,,,,,,,,,550
03/10/2025,5615,,5615,,5595,0,,0,,33%,"$	126,100",,,,,0.15,24.70,Up,,,,,,,,,100
03/07/2025,5770,,5770,,5830,,,0,,0%,"$	126,100",,,,,-2.25,24.85,Down,,,,,,,,,
03/06/2025,5739,,5739,,5775,100,,100,,31%,"$	126,100",,,,,0.43,22.60,Up,,,,,,,,,2590
03/05/2025,5843,,5843,,5700,-900,,-900,,85%,"$	126,000",,,,,-0.07,23.03,Up,,,,,,,,,550
03/04/2025,5778,,5778,,5780,,,0,,92%,"$	126,900",,0,,,-3.13,22.96,Up,,,,,,,,,2090
03/03/2025,5850,,5850,,5895,,,8860,NM,0%,"$	126,900",,8860,12500,,1.38,19.83,Down,Trump tariff,,,,,,,,
02/28/2025,5955,,5955,,5855,,,6450,EOM,0%,"$	118,040",,6450,6700,,-2.96,21.21,Up,,,,,,,,,
02/27/2025,5862,,5862,,5955,,,-1200,EOM-1,0%,"$	111,590",-1200,8670*0,,,0.71,18.25,Down,Trump tariff,,,,,,,,
02/26/2025,5956,6000,44,,5955,,,0,"NVDA, EOM-2",36%,"$	112,790",,-1810*0,,,0.13,18.96,Down,Trump tariff,,,,,,,,
02/25/2025,5955,,5955,,5955,2500,,2500,,80%,"$	112,790",,,,,-1.01,19.09,Up,,,,,,,,,1250
02/24/2025,5983,6060,77,,6015,,,-1200,OPEX+1,20%,"$	110,290",-1200,990*0,1000,,-2.45,18.08,Down,,,,,,,,,
02/21/2025,6013,,6013,,6025,,,0,OPEX,35%,"$	111,490",,7700*0,8000,,-0.02,15.63,Down,,,,,,,,,
02/20/2025,6118,,6118,,6100,300,,300,OPEX-1,24%,"$	111,490",,,,,-0.47,15.61,Up,,,,,,,,,
02/19/2025,6144,,6144,,6145,1200,,1200,VIX EXP,35%,"$	111,190",,,,,0.43,15.14,Up,,,,,,,,,
02/18/2025,6130,,6130,,6105,,,0,,8%,"$	109,990",,-1450*0,,,-0.49,15.57,Up,,,,,,,,,
02/14/2025,6115,,6115,,6125,,,-2530,,92%,"$	109,990",,-2530,1,,0.89,15.08,Down,,,,,,,,,
02/13/2025,6115,,6115,,6100,,950,3540,,25%,"$	112,520",,2590,2700,,-0.06,15.97,Down,,,,,,,,,
02/12/2025,6052,,6052,,6055,,,0,CPI,76%,"$	108,980",,,,,0.22,15.91,Up,,,,,,,,,
02/11/2025,6068,,6068,,6070,1100,200,1300,,84%,"$	108,980",,,,,0.45,16.13,Up,,,,,,,,,-120
02/10/2025,6066,,6066,,6075,,-470,-1300,,93%,"$	107,680",,-830,1,,-0.75,16.58,Down,,,,,,,,,
02/07/2025,6026,,6026,,6045,,,3020,,48%,"$	108,980",,3020,3020,,0.05,15.83,Down,,,,,,,,,
02/06/2025,6084,,6084,,6085,,,0,AMZN,80%,"$	105,960",,-1050*0,,,1.66,15.88,Down,,,,,,,,,
02/05/2025,6061,6050,11,,6060,1100,1830,2930,,65%,"$	105,960",,1100*0,,,1.24,17.54,Down,,,,,,,,,
02/04/2025,6038,,6038,,6035,,,2460,GOOGL,99%,"$	103,030",2460,610*0,,,1.58,18.78,Down,,,,,,,,"$	(2,090)",
02/03/2025,5995,,5995,,5995,2300,,2300,NM,61%,"$	100,570",,,,,-4.91,20.36,Up,,,Straddle, GXBF,M8 BF,BOBF,Total,,
01/31/2025,6041,,6041,,6095,,,2540,EOM,12%,"$	98,270",,2540,3200,,0.48,15.45,Down,,2026 April,,,,,$	0,,
01/30/2025,6071,,6071,,6055,,,2050,"AAPL, EOM-1",71%,"$	95,730",2050,-1090*0,,,0.49,15.93,Down,,2026 March,"$	(1,300)",$	(540),$	480,"$	(2,850)","$	(4,210)",,
01/29/2025,,,0,,,,,0,"FED, MSFT, META, EOM-2",79%,"$	93,680",,,,,1.87,16.42,Up,,2026 February,"$	8,480","$	(1,460)",$	(490),"$	2,150","$	8,680",,2220
01/28/2025,6068,,6068,,6055,,,1100,,72%,"$	93,680",,1100,1700,,0.54,18.29,Down,,2026 January,"$	(4,460)",$	50,"$	(1,500)",$	(650),"$	(6,560)",,
01/27/2025,6012,,6012,,5995,-500,,-500,,40%,"$	92,580",,,,,-3.81,18.83,Up,,2025 December,$	(230),"$	2,830","$	5,490","$	5,980","$	14,070",,
01/24/2025,6101,,6101,,6085,,,-150,,35%,"$	93,080",,-150,1050,,0.26,15.02,Down,,2025 November,"$	1,570","$	4,560","$	(3,280)","$	3,980","$	6,830",,
01/23/2025,6119,,6119,,6115,,1780,4030,,68%,"$	93,230",,2250,2250,,-0.39,15.28,Down,,2025 October,"$	4,350","$	4,510","$	(1,600)","$	5,350","$	12,610",,
01/22/2025,6086,,6086,,6095,300,,300,VIX EXP,80%,"$	89,200",,,,,1.4,14.89,Up,,2025 September,"$	9,140","$	(1,270)","$	1,370","$	3,930","$	13,170",,
01/21/2025,6049,6050,1,11:20,6005,,1810,3910,OPEX+1,60%,"$	88,900",2100,240*0,280,,-0.1,16.29,Down,,2025 August,"$	7,200","$	2,310",$	(170),"$	3,030","$	12,370",,
01/17/2025,5997,,5997,,6005,400,,400,OPEX,92%,"$	84,990",,-2290*0,,,-0.1,16.19,Down,Gap,2025 July,"$	4,530","$	3,410","$	1,780",$	130,"$	9,850",,
01/16/2025,5937,,5937,,5945,600,,600,OPEX-1,53%,"$	84,590",,-430*0,,,0.84,16.09,Down,,2025 June,$	500,"$	3,850","$	6,430","$	7,180","$	17,960",,
01/15/2025,5950,5970,20,,5905,,-400*0,0,CPI,88%,"$	83,990",,1300*0,,,1.82,16.93,Down,,2025 May,"$	(3,220)","$	3,950","$	6,430","$	4,120","$	11,280",,
01/14/2025,5843,,5843,,5835,1500,,1500,,59%,"$	83,990",,-1470*0,,,2.6,18.75,Down,,2025 April,"$	3,510",$	0,"$	10,010",$	710,"$	14,230",,
01/13/2025,5836,,5836,,5830,600,,600,,19%,"$	82,490",,,,,-2.4,21.35,Up,,2025 March,"$	13,560","$	6,010","$	2,800","$	2,310","$	24,680",,
01/10/2025,5827,5900,73,,5855,,,0,,27%,"$	81,890",,,,,-0.1,18.95,Up,,2025 February,"$	8,700",$	60,"$	8,500","$	2,510","$	19,770",,1000
01/08/2025,5918,,5918,,5950,-400,,-400,,4%,"$	81,890",,,,,-3.05,18.85,Up,,2025 January,"$	13,960","$	4,150","$	3,200","$	3,860","$	25,170",,-460
01/07/2025,5909,,5909,,5940,,,5700,,7%,"$	82,290",,5700,7400,,0.44,15.8,Down,,2024 December,"$	16,770","$	2,310",$	310,"$	3,040","$	22,430",,
01/06/2025,5975,,5975,,5970,700,,700,,31%,"$	76,590",,,,,1.13,16.24,Up,,2024 November,"$	1,490","$	6,210","$	2,120","$	5,500","$	15,320",,
01/03/2025,5942,,5942,,5945,,270,2310,,68%,"$	75,890",,2040,2650,,-0.1,17.37,Down,,2024 October,"$	4,600","$	2,230","$	6,700","$	2,550","$	16,080",,
01/02/2025,5869,5955,86,,5840,,,480,NM,7%,"$	73,580",,480,4300,,-0.33,17.27,Down,,2024 September,"$	11,220",$	440,"$	5,560","$	2,050","$	19,270",,
12/31/2024,5882,,5882,,5905,,,350,EOM,72%,"$	73,100",,350,2500,,1.39,16.94,Down,Gap,Total,"$	93,190","$	45,610","$	54,150","$	55,580","$	248,530",,
12/30/2024,5907,,5907,,5930,-800,,-800,EOM-1,40%,"$	72,750",,,,,-2.38,18.33,Up,,,,,,,,,
12/27/2024,5971,,5971,,5955,-100,,-100,EOM-2,64%,"$	73,550",,,,,-0.81,15.95,Up,,,,,,,,,
12/26/2024,6038,6050,12,,6045,,-180,-1150,,72%,"$	73,650",,-970,50,,1.78,15.14,Up,,,,,,,,,
12/24/2024,6040,,6040,,,,1700,1700,,0%,"$	74,800",,,,,1.48,16.92,Up,Short day,,,,,,,,
12/23/2024,5974,5980,6,,5970,,1530,3840,OPEX+1,39%,"$	73,100",2310,330*0,,,4.95,18.4,Up,,,,,,,,,
12/20/2024,5931,,5931,,5905,,,0,OPEX,8%,"$	69,260",,,,,-2.46,23.35,Down,,,,,,,,,
12/19/2024,5867,,5867,,5915,,,1600,OPEX-1,0%,"$	69,260",,1600,1700,,-5.2,20.89,Down,,,,,,,,,
12/18/2024,5872,,5872,,,,,14600,"VIX EXP, FED",0%,"$	67,660",,14600,14600,,-0.47,15.69,Down,,,,,,,,,
12/17/2024,6051,,6051,,6045,600,,600,,87%,"$	53,060",,,,,-1.02,15.22,Up,,,,,,,,,
12/16/2024,6074,,6074,,6075,600,-550,50,,56%,"$	52,460",,,,,-0.77,14.2,Up,,,,,,,,,
12/13/2024,6051,,6051,,6045,,,230,,36%,"$	52,410",,230,780,,0.21,13.43,Down,,,,,,,,,
12/12/2024,6051,,6051,,6065,-600,,-600,,37%,"$	52,180",,,,,-0.01,13.64,Up,,,,,,,,,
12/11/2024,6084,,6084,,6095,,540,1640,CPI,67%,"$	52,780",,1100,,,0.54,13.63,Down,,,,,,,,,
12/10/2024,6035,,6035,,6050,,,880,,17%,"$	51,140",,880,1240,,-0.74,14.17,Down,,,,,,,,,
12/09/2024,6053,,6053,,6060,-100,,-100,,31%,"$	50,260",,,,,-0.38,13.43,Up,,,,,,,,,
12/06/2024,6090,,6090,,6095,,,-1020,,77%,"$	50,360",,-1020,1,,0.43,13.05,Down,,,,,,,,,
12/05/2024,6075,,6075,,6085,-200,,-200,,31%,"$	51,380",,,,,-0.52,13.48,Up,,,,,,,,,
12/04/2024,6086,6080,6,,6075,110,,110,,41%,"$	51,580",,-180*0,,,0.53,12.96,Down,,,,,,,,,
12/03/2024,6050,,6050,,6045,500,,500,,97%,"$	51,470",,,,,0.37,13.49,Up,,,,,,,,,
12/02/2024,6047,,6047,,6045,300,,300,NM,88%,"$	50,970",,,,,0.23,13.86,Up,,,,,,,,,
11/29/2024,6032,6020,12,,,,,0,EOM,33%,"$	50,670",,1060*0,2200,,0.05,14.09,Down,Short day,,,,,,,,
11/27/2024,5999,,5999,,5995,800,,800,EOM-1,100%,"$	50,670",,,,,0.3,14.14,Up,,,,,,,,,
11/26/2024,6022,,6022,,6005,,,-150,EOM-2,7%,"$	49,870",,-150,200,,0.42,14.44,Down,,,,,After holiday,,,,
11/25/2024,5987,,5987,,5980,-100,,-100,,77%,"$	50,020",,-2140*0,,,1.81,14.86,Down,,,,,Last day month,,,,
11/22/2024,5969,,5969,,5955,,1770,1070,,70%,"$	50,120",,-700,0,,-0.78,16.67,Down,,,,,Non fed/cpi Wed,,,,
11/21/2024,5949,,5949,,5955,,,2600,,75%,"$	49,050",2600,-2240*0,,,0.64,15.89,Down,,,,,Quarterly OPEX stra,,,,
11/20/2024,5917,,5917,,5905,,,0,"VIX EXP, NVDA",27%,"$	46,450",,,,,0.47,16.53,Up,,,,,1st trading day mont,,,,
11/19/2024,5917,,5917,,5895,-800,,-800,,33%,"$	46,450",,,,,-0.34,17,Up,,,,,,,,,-200
11/18/2024,5894,5885,9,,5895,,,1050,OPEX+1,84%,"$	47,250",1050,,,,-1.97,16.66,Up,,,,,,,,,
11/15/2024,5871,,5871,,5855,-400,,-400,OPEX ,71%,"$	46,200",,,,,-0.68,14.69,Up,,,,,,,,,
11/14/2024,5949,,5949,,5955,,,1940,OPEX-1,44%,"$	46,600",,1940,2400,,0.71,14.01,Down,,,,,,,,,
11/13/2024,5985,,5985,,5995,,-800,-800,CPI,45%,"$	44,660",,,,,0.44,14.72,Up,,,,,,,,,
11/12/2024,5984,,5984,,5995,100,,100,,57%,"$	45,460",,,,,0.15,15.16,Up,,,,,,,,,
11/11/2024,6001,,6001,,5995,100,,100,,95%,"$	45,360",,,,,-0.52,15.31,Up,,,,,,,,,
11/08/2024,5996,,5996,13:55,6005,-80,,-80,,74%,"$	45,260",,-160*0,1500,,0.85,14.79,Down,,,,,,,,,
11/07/2024,5973,,5973,,5975,1300,880,2180,,99%,"$	45,340",,-1690*0,,,0.2,15.64,Down,Gap,,,,,,,,
11/06/2024,5929,,5929,,,,1900,3340,FED,35%,"$	43,160",1440,10*0,,,5.6,15.84,Down,,,,,,,,,
11/05/2024,5783,,5783,,5755,,1750,4890,,55%,"$	39,820",,3140,3140,,1.13,21.44,Down,,,,,,,,,
11/04/2024,5713,,5713,,5705,1200,,1200,,52%,"$	34,930",,,,,-0.6,22.57,Up,,,,,,,,,
11/01/2024,5729,,5729,,5745,,,-1620,NM,36%,"$	33,730",1120,-2740,,,-0.27,21.97,Down,,,,,,,,,
10/31/2024,5705,,5705,,5705,,,3750,"AAPL, AMZN, EOM",59%,"$	35,350",,3750,3800,,-1.88,21.7,Up,,,,,,,,,
10/30/2024,5814,,5814,,5845,,,0,"MSFT, META, EOM-1",3%,"$	31,600",,,,,0.51,19.82,Up,,,,,,,,,
10/29/2024,5834,,5834,,5845,200,,200,"GOOGL, EOM-2",49%,"$	31,600",,,,,-1.12,20.33,Up,,,,,,,,,210
10/28/2024,5824,,5824,,5830,,,-1200,,26%,"$	31,400",-1200,-1170*0,,,-0.74,19.21,Down,,,,,,,,,
10/25/2024,5808,,5808,,5805,,,-1080,,28%,"$	32,600",,-1080,920,,0.64,18.47,Down,,,,,,,,,
10/24/2024,5810,,5810,,5805,,,-1560,,87%,"$	33,680",,-1560,700,,-0.51,19.11,Down,,,,,,,,,
10/23/2024,5797,,5797,,5805,1000,,1000,,64%,"$	35,240",,,,,0.77,18.6,Up,,,,,,,,,1110
10/22/2024,5851,,5851,,5845,600,,600,,100%,"$	34,240",,,,,-0.59,19.37,Up,,,,,,,,,320
10/21/2024,5854,5870,16,,5845,,,-50,OPEX+1,69%,"$	33,640",-50,,,,0.42,18.78,Up,,,,,,,,,
10/18/2024,5865,,5865,,5855,200,,200,OPEX,91%,"$	33,690",,,,,0.09,19.20,Up,,,,,,,,,1020
10/17/2024,5841,,5841,,5865,-1100,,-1100,OPEX-1,52%,"$	33,490",,1250*0,,,1.53,19.29,Down,,,,,,,,,
10/16/2024,5842,,5842,,5840,1600,,1600,VIX EXP,89%,"$	34,590",,,,,-1.3,20.82,Up,,,,,,,,,
10/15/2024,5815,,5815,,5830,300,,300,,45%,"$	32,990",,,,,1.01,19.52,Down,Gap,,,,,,,,
10/14/2024,5860,,5860,,5865,200,80,280,,77%,"$	32,690",,,,,0.2,20.53,Up,,,,,,,,,
10/11/2024,5815,,5815,,5805,,,1330,,95%,"$	32,410",,1330,1730,,0.34,20.73,Down,,,,,,,,,
10/10/2024,5780,,5780,,5740,,-910,-910,CPI,5%,"$	31,080",,,,,0.54,21.07,Up,,,,,,,,,1380
10/09/2024,5792,,5792,,5795,1300,1850,3150,,79%,"$	31,990",,,,,0.25,21.61,Up,,,,,,,,,210
10/08/2024,5751,,5751,,5745,,1530,3710,,73%,"$	28,840",2180,360*0,,,-0.93,21.86,Down,,,,,,,,,
10/07/2024,5696,,5696,,5705,300,,300,,53%,"$	25,130",,,,,-1.57,20.93,Up,,,,,,,,,
10/04/2024,5751,,5751,,5745,,,1300,,65%,"$	24,830",1300,-1580*0,,,0.55,19.36,Down,,,,,,,,,
10/03/2024,5700,,5700,,5695,800,,800,,96%,"$	23,530",,,,,-0.15,19.91,Up,,,,,,,,,280
10/02/2024,5710,,5710,,5705,1300,,1300,,100%,"$	22,730",,,,,-2.76,19.76,Up,,,,,,,,,680
10/01/2024,5709,,5709,,5705,,,2160,NM,41%,"$	21,430",,2160,,,0.10,17.00,Up,,,,,,,,,1480
09/30/2024,5762,,5762,,5705,,1710,2680,EOM,36%,"$	19,270",,970,1050,,-1.76,17.10,Up,,,,,,,,,
09/27/2024,5738,,5738,,5745,,,-440,EOM-1,57%,"$	16,590",,-440,500,,-0.12,15.34,Down,,,,,,,,,
09/26/2024,5745,,5745,,5740,,,-670,EOM-2,51%,"$	17,030",,-670,1600,,0.26,15.22,Down,,,,,,,,,
09/25/2024,5722,,5722,,5725,900,,900,,56%,"$	17,700",,,,,0.42,15.48,Up,,,,,,,,,
09/24/2024,5733,,5733,,5705,-900,,-900,,28%,"$	16,800",,,,,0.54,15.90,Up,,,,,,,,,
09/23/2024,5719,5730,11,,5715,,,1040,OPEX+1,87%,"$	17,700",1040,,,,-0.32,16.44,Up,,,,,,,,,
09/20/2024,5703,,5703,,5695,1060,,1060,OPEX,97%,"$	16,660",,-2430*0,,,0.19,16.12,Down,,,,,,,,,
09/19/2024,5714,,5714,,5705,1800,,1800,OPEX-1,100%,"$	15,600",,-2430*0,,,1.95,16.31,Down,Gap,,,,,,,,
09/18/2024,5618,,5618,,,,,0,"VIX EXP, FED",92%,"$	13,800",,,,,-1.04,18.26,Up,,,,,,,,,
09/17/2024,5635,,5635,,5655,-300,-980,-1280,,49%,"$	13,800",,,,,-0.04,17.22,Up,,,,,,,,,780
09/16/2024,5633,,5633,,5630,500,,500,,53%,"$	15,080",,,,,-0.04,17.18,Up,,,,,,,,,
09/13/2024,5626,,5626,,5645,-600,1060,460,,9%,"$	14,580",,,,,0.76,17.14,Up,,,,,,,,,1010
09/12/2024,5596,,5596,,5605,400,260,660,,67%,"$	14,120",,,,,0.37,17.90,Up,,,,,,,,,60
09/11/2024,5554,,5554,,5445,,,4510,CPI,19%,"$	13,460",,4510,,,0.85,18.27,Down,,,,,,,,,
09/10/2024,5496,,5496,,5780,-200,,-200,,76%,"$	8,950",,-2500*0,,,1.76,19.12,Down,,,,,,,,,
09/09/2024,5471,,5471,,5455,,,600,,16%,"$	9,150",600,-80*0,,,-1.86,20.88,Down,,,,,,,,,
09/06/2024,5408,,5408,,5405,1500,,1500,,69%,"$	8,550",,-2500*0,,,1.68,19.02,Down,Gap,,,,,,,,
09/05/2024,5503,,5503,,5505,,,-1200,,100%,"$	7,050",-1200,-1510*0,,,1.85,20.70,Down,,,,,,,,,
09/04/2024,5520,5540,20,,5525,1400,,1400,,52%,"$	8,250",,,,,-6,22.55,Up,,,,,,,,,670
09/03/2024,5529,,5529,,5595,,,6850,NM,47%,"$	6,850",,6850,,,-0.88,16.55,Up,,,,,,,,,-930
,,,0,,,,,0,,22%,,,,,,,15.67,,,,,,,,,,