time,threshold,delta,regimes,n,wr,total,avg,best,worst,max_dd,mar
0945,7.0,-0.05,ALL,98,3.06,-1660.0,-16.94,2786.5,-740.0,5132.5,-0.32
0945,7.0,-0.05,NO_R1,64,4.69,-125.0,-1.95,2786.5,-740.0,4795.0,-0.03
0945,7.0,-0.05,R3_R4_ONLY,34,5.88,1336.5,39.31,2786.5,-740.0,3182.5,0.42
0945,7.0,-0.05,R4_ONLY,20,10.0,7680.5,384.02,8565.5,-740.0,2507.5,3.06
0945,7.0,-0.05,R0_R3_R4,64,4.69,-125.0,-1.95,2786.5,-740.0,4795.0,-0.03
0945,7.0,-0.05,EXCLUDE_R1_R2,64,4.69,-125.0,-1.95,2786.5,-740.0,4795.0,-0.03
0945,7.0,-0.1,ALL,51,5.88,-341.0,-6.69,3136.0,-330.0,3447.0,-0.1
0945,7.0,-0.1,NO_R1,26,11.54,1988.5,76.48,3136.0,-330.0,1832.5,1.09
0945,7.0,-0.1,R3_R4_ONLY,16,12.5,-169.5,-10.59,1552.0,-265.0,1737.5,-0.1
0945,7.0,-0.1,R4_ONLY,7,28.57,2127.5,303.93,1810.5,-755.0,355.0,5.99
0945,7.0,-0.1,R0_R3_R4,26,11.54,1988.5,76.48,3136.0,-330.0,1832.5,1.09
0945,7.0,-0.1,EXCLUDE_R1_R2,26,11.54,1988.5,76.48,3136.0,-330.0,1832.5,1.09
0945,7.0,-0.15,ALL,42,7.14,323.0,7.69,5071.0,-570.0,4965.0,0.07
0945,7.0,-0.15,NO_R1,18,16.67,2982.5,165.69,5071.0,-570.0,2970.0,1.0
0945,7.0,-0.15,R3_R4_ONLY,16,12.5,1258.0,78.62,3372.0,-430.0,2965.0,0.42
0945,7.0,-0.15,R4_ONLY,7,28.57,4727.5,675.36,3678.0,-1040.0,607.5,7.78
0945,7.0,-0.15,R0_R3_R4,18,16.67,2982.5,165.69,5071.0,-570.0,2970.0,1.0
0945,7.0,-0.15,EXCLUDE_R1_R2,18,16.67,2982.5,165.69,5071.0,-570.0,2970.0,1.0
0945,7.0,-0.2,ALL,30,10.0,-396.5,-13.22,6488.5,-785.0,7232.5,-0.05
0945,7.0,-0.2,NO_R1,18,16.67,4445.0,246.94,6488.5,-785.0,4345.0,1.02
0945,7.0,-0.2,R3_R4_ONLY,11,27.27,4040.5,367.32,4242.0,-530.0,2742.5,1.47
0945,7.0,-0.2,R4_ONLY,7,28.57,6532.5,933.21,5018.0,-1280.0,1012.5,6.45
0945,7.0,-0.2,R0_R3_R4,18,16.67,4445.0,246.94,6488.5,-785.0,4345.0,1.02
0945,7.0,-0.2,EXCLUDE_R1_R2,18,16.67,4445.0,246.94,6488.5,-785.0,4345.0,1.02
0945,7.0,-0.25,ALL,23,13.04,-3141.0,-136.57,1715.0,-625.0,5798.0,-0.54
0945,7.0,-0.25,NO_R1,11,27.27,2203.0,200.27,3033.0,-610.0,1828.0,1.21
0945,7.0,-0.25,R3_R4_ONLY,11,27.27,6603.0,600.27,5492.0,-720.0,4000.0,1.65
0945,7.0,-0.25,R4_ONLY,7,28.57,7490.0,1070.0,5868.0,-1745.0,1515.0,4.94
0945,7.0,-0.25,R0_R3_R4,11,27.27,2203.0,200.27,3033.0,-610.0,1828.0,1.21
0945,7.0,-0.25,EXCLUDE_R1_R2,11,27.27,2203.0,200.27,3033.0,-610.0,1828.0,1.21
0945,7.0,-0.3,ALL,13,23.08,709.5,54.58,2560.0,-805.0,2640.0,0.27
0945,7.0,-0.3,NO_R1,8,37.5,3891.0,486.38,3453.0,-860.0,2410.0,1.61
0945,7.0,-0.3,R3_R4_ONLY,11,27.27,7353.0,668.45,6272.0,-1080.0,5975.0,1.23
0945,7.0,-0.3,R4_ONLY,6,50.0,9359.0,1559.83,7073.0,-2145.0,1095.0,8.55
0945,7.0,-0.3,R0_R3_R4,8,37.5,3891.0,486.38,3453.0,-860.0,2410.0,1.61
0945,7.0,-0.3,EXCLUDE_R1_R2,8,37.5,3891.0,486.38,3453.0,-860.0,2410.0,1.61
0945,7.5,-0.05,ALL,122,4.1,14397.0,118.01,9692.5,-740.0,5132.5,2.81
0945,7.5,-0.05,NO_R1,82,6.1,16304.5,198.84,9692.5,-740.0,4795.0,3.4
0945,7.5,-0.05,R3_R4_ONLY,38,7.89,8956.0,235.68,7854.5,-740.0,3182.5,2.81
0945,7.5,-0.05,R4_ONLY,21,14.29,15535.0,739.76,8565.5,-740.0,2507.5,6.2
0945,7.5,-0.05,R0_R3_R4,82,6.1,16304.5,198.84,9692.5,-740.0,4795.0,3.4
0945,7.5,-0.05,EXCLUDE_R1_R2,82,6.1,16304.5,198.84,9692.5,-740.0,4795.0,3.4
0945,7.5,-0.1,ALL,75,6.67,19946.0,265.95,12167.5,-330.0,3140.0,6.35
0945,7.5,-0.1,NO_R1,44,11.36,22828.0,518.82,12167.5,-330.0,2037.5,11.2
0945,7.5,-0.1,R3_R4_ONLY,20,15.0,10120.0,506.0,10749.5,-265.0,1737.5,5.82
0945,7.5,-0.1,R4_ONLY,8,37.5,12877.0,1609.63,10749.5,-755.0,355.0,36.27
0945,7.5,-0.1,R0_R3_R4,44,11.36,22828.0,518.82,12167.5,-330.0,2037.5,11.2
0945,7.5,-0.1,EXCLUDE_R1_R2,44,11.36,22828.0,518.82,12167.5,-330.0,2037.5,11.2
0945,7.5,-0.15,ALL,66,7.58,22380.0,339.09,13637.5,-570.0,4965.0,4.51
0945,7.5,-0.15,NO_R1,36,13.89,25852.0,718.11,13637.5,-570.0,3342.5,7.73
0945,7.5,-0.15,R3_R4_ONLY,20,15.0,13125.0,656.25,12627.0,-430.0,2965.0,4.43
0945,7.5,-0.15,R4_ONLY,8,37.5,17354.5,2169.31,12627.0,-1040.0,607.5,28.57
0945,7.5,-0.15,R0_R3_R4,36,13.89,25852.0,718.11,13637.5,-570.0,3342.5,7.73
0945,7.5,-0.15,EXCLUDE_R1_R2,36,13.89,25852.0,718.11,13637.5,-570.0,3342.5,7.73
0945,7.5,-0.2,ALL,54,9.26,22518.0,417.0,15087.5,-785.0,7232.5,3.11
0945,7.5,-0.2,NO_R1,36,13.89,28422.0,789.5,15087.5,-785.0,5020.0,5.66
0945,7.5,-0.2,R3_R4_ONLY,15,26.67,16862.5,1124.17,13987.0,-530.0,2742.5,6.15
0945,7.5,-0.2,R4_ONLY,8,37.5,20519.5,2564.94,13987.0,-1280.0,1012.5,20.27
0945,7.5,-0.2,R0_R3_R4,36,13.89,28422.0,789.5,15087.5,-785.0,5020.0,5.66
0945,7.5,-0.2,EXCLUDE_R1_R2,36,13.89,28422.0,789.5,15087.5,-785.0,5020.0,5.66
0945,7.5,-0.25,ALL,37,13.51,9175.5,247.99,16032.5,-660.0,8954.0,1.02
0945,7.5,-0.25,NO_R1,19,26.32,16007.0,842.47,16032.5,-660.0,3949.0,4.05
0945,7.5,-0.25,R3_R4_ONLY,15,33.33,21357.0,1423.8,15297.0,-720.0,4000.0,5.34
0945,7.5,-0.25,R4_ONLY,8,37.5,22787.0,2848.38,15297.0,-1745.0,1515.0,15.04
0945,7.5,-0.25,R0_R3_R4,19,26.32,16007.0,842.47,16032.5,-660.0,3949.0,4.05
0945,7.5,-0.25,EXCLUDE_R1_R2,19,26.32,16007.0,842.47,16032.5,-660.0,3949.0,4.05
0945,7.5,-0.3,ALL,32,18.75,12645.0,395.16,16950.0,-880.0,7861.5,1.61
0945,7.5,-0.3,NO_R1,18,33.33,19636.5,1090.92,16950.0,-880.0,3365.0,5.84
0945,7.5,-0.3,R3_R4_ONLY,15,33.33,23742.0,1582.8,16132.0,-1080.0,5975.0,3.97
0945,7.5,-0.3,R4_ONLY,7,57.14,25491.0,3641.57,16132.0,-2145.0,1095.0,23.28
0945,7.5,-0.3,R0_R3_R4,18,33.33,19636.5,1090.92,16950.0,-880.0,3365.0,5.84
0945,7.5,-0.3,EXCLUDE_R1_R2,18,33.33,19636.5,1090.92,16950.0,-880.0,3365.0,5.84
0945,8.0,-0.05,ALL,130,3.85,13987.0,107.59,9692.5,-740.0,5367.5,2.61
0945,8.0,-0.05,NO_R1,83,6.02,16202.0,195.2,9692.5,-740.0,4897.5,3.31
0945,8.0,-0.05,R3_R4_ONLY,38,7.89,8956.0,235.68,7854.5,-740.0,3182.5,2.81
0945,8.0,-0.05,R4_ONLY,21,14.29,15535.0,739.76,8565.5,-740.0,2507.5,6.2
0945,8.0,-0.05,R0_R3_R4,82,6.1,16304.5,198.84,9692.5,-740.0,4795.0,3.4
0945,8.0,-0.05,EXCLUDE_R1_R2,82,6.1,16304.5,198.84,9692.5,-740.0,4795.0,3.4
0945,8.0,-0.1,ALL,83,6.02,19246.0,231.88,12167.5,-330.0,3140.0,6.13
0945,8.0,-0.1,NO_R1,45,11.11,22670.5,503.79,12167.5,-330.0,2037.5,11.13
0945,8.0,-0.1,R3_R4_ONLY,20,15.0,10120.0,506.0,10749.5,-265.0,1737.5,5.82
0945,8.0,-0.1,R4_ONLY,8,37.5,12877.0,1609.63,10749.5,-755.0,355.0,36.27
0945,8.0,-0.1,R0_R3_R4,44,11.36,22828.0,518.82,12167.5,-330.0,2037.5,11.2
0945,8.0,-0.1,EXCLUDE_R1_R2,44,11.36,22828.0,518.82,12167.5,-330.0,2037.5,11.2
0945,8.0,-0.15,ALL,79,7.59,24046.5,304.39,13637.5,-570.0,4965.0,4.84
0945,8.0,-0.15,NO_R1,39,15.38,28686.0,735.54,13637.5,-570.0,3342.5,8.58
0945,8.0,-0.15,R3_R4_ONLY,20,15.0,13125.0,656.25,12627.0,-430.0,2965.0,4.43
0945,8.0,-0.15,R4_ONLY,8,37.5,17354.5,2169.31,12627.0,-1040.0,607.5,28.57
0945,8.0,-0.15,R0_R3_R4,38,15.79,28931.0,761.34,13637.5,-570.0,3342.5,8.66
0945,8.0,-0.15,EXCLUDE_R1_R2,38,15.79,28931.0,761.34,13637.5,-570.0,3342.5,8.66
0945,8.0,-0.2,ALL,67,8.96,24912.0,371.82,15087.5,-785.0,7232.5,3.44
0945,8.0,-0.2,NO_R1,39,15.38,32551.0,834.64,15087.5,-785.0,5020.0,6.48
0945,8.0,-0.2,R3_R4_ONLY,15,26.67,16862.5,1124.17,13987.0,-530.0,2742.5,6.15
0945,8.0,-0.2,R4_ONLY,8,37.5,20519.5,2564.94,13987.0,-1280.0,1012.5,20.27
0945,8.0,-0.2,R0_R3_R4,38,15.79,32866.0,864.89,15087.5,-785.0,5020.0,6.55
0945,8.0,-0.2,EXCLUDE_R1_R2,38,15.79,32866.0,864.89,15087.5,-785.0,5020.0,6.55
0945,8.0,-0.25,ALL,50,12.0,11494.5,229.89,16032.5,-660.0,9329.0,1.23
0945,8.0,-0.25,NO_R1,22,27.27,20843.5,947.43,16032.5,-660.0,3949.0,5.28
0945,8.0,-0.25,R3_R4_ONLY,15,33.33,21357.0,1423.8,15297.0,-720.0,4000.0,5.34
0945,8.0,-0.25,R4_ONLY,8,37.5,22787.0,2848.38,15297.0,-1745.0,1515.0,15.04
0945,8.0,-0.25,R0_R3_R4,21,28.57,21323.5,1015.4,16032.5,-660.0,3949.0,5.4
0945,8.0,-0.25,EXCLUDE_R1_R2,21,28.57,21323.5,1015.4,16032.5,-660.0,3949.0,5.4
0945,8.0,-0.3,ALL,47,14.89,13626.5,289.93,16950.0,-880.0,8949.0,1.52
0945,8.0,-0.3,NO_R1,21,33.33,24670.5,1174.79,16950.0,-880.0,3365.0,7.33
0945,8.0,-0.3,R3_R4_ONLY,15,33.33,23742.0,1582.8,16132.0,-1080.0,5975.0,3.97
0945,8.0,-0.3,R4_ONLY,7,57.14,25491.0,3641.57,16132.0,-2145.0,1095.0,23.28
0945,8.0,-0.3,R0_R3_R4,20,35.0,25310.5,1265.53,16950.0,-880.0,3365.0,7.52
0945,8.0,-0.3,EXCLUDE_R1_R2,20,35.0,25310.5,1265.53,16950.0,-880.0,3365.0,7.52
0945,8.25,-0.05,ALL,137,4.38,22442.5,163.81,9692.5,-740.0,5407.5,4.15
0945,8.25,-0.05,NO_R1,86,6.98,24737.5,287.65,9692.5,-740.0,4897.5,5.05
0945,8.25,-0.05,R3_R4_ONLY,39,10.26,17521.5,449.27,8565.5,-740.0,3182.5,5.51
0945,8.25,-0.05,R4_ONLY,21,14.29,15535.0,739.76,8565.5,-740.0,2507.5,6.2
0945,8.25,-0.05,R0_R3_R4,85,7.06,24840.0,292.24,9692.5,-740.0,4795.0,5.18
0945,8.25,-0.05,EXCLUDE_R1_R2,85,7.06,24840.0,292.24,9692.5,-740.0,4795.0,5.18
0945,8.25,-0.1,ALL,90,6.67,29579.0,328.66,12167.5,-330.0,3140.0,9.42
0945,8.25,-0.1,NO_R1,48,12.5,33136.0,690.33,12167.5,-330.0,2037.5,16.26
0945,8.25,-0.1,R3_R4_ONLY,21,19.05,20635.5,982.64,10749.5,-265.0,1737.5,11.88
0945,8.25,-0.1,R4_ONLY,9,44.44,23392.5,2599.17,10749.5,-755.0,355.0,65.89
0945,8.25,-0.1,R0_R3_R4,47,12.77,33293.5,708.37,12167.5,-330.0,2037.5,16.34
0945,8.25,-0.1,EXCLUDE_R1_R2,47,12.77,33293.5,708.37,12167.5,-330.0,2037.5,16.34
0945,8.25,-0.15,ALL,86,8.14,35684.5,414.94,13637.5,-570.0,4965.0,7.19
0945,8.25,-0.15,NO_R1,42,16.67,40526.5,964.92,13637.5,-570.0,3342.5,12.12
0945,8.25,-0.15,R3_R4_ONLY,21,19.05,25040.5,1192.4,12627.0,-430.0,2965.0,8.45
0945,8.25,-0.15,R4_ONLY,9,44.44,29270.0,3252.22,12627.0,-1040.0,607.5,48.18
0945,8.25,-0.15,R0_R3_R4,41,17.07,40771.5,994.43,13637.5,-570.0,3342.5,12.2
0945,8.25,-0.15,EXCLUDE_R1_R2,41,17.07,40771.5,994.43,13637.5,-570.0,3342.5,12.2
0945,8.25,-0.2,ALL,74,9.46,37257.5,503.48,15087.5,-785.0,7232.5,5.15
0945,8.25,-0.2,NO_R1,42,16.67,45231.5,1076.94,15087.5,-785.0,5020.0,9.01
0945,8.25,-0.2,R3_R4_ONLY,16,31.25,29663.0,1853.94,13987.0,-530.0,2742.5,10.82
0945,8.25,-0.2,R4_ONLY,9,44.44,33320.0,3702.22,13987.0,-1280.0,1012.5,32.91
0945,8.25,-0.2,R0_R3_R4,41,17.07,45546.5,1110.89,15087.5,-785.0,5020.0,9.07
0945,8.25,-0.2,EXCLUDE_R1_R2,41,17.07,45546.5,1110.89,15087.5,-785.0,5020.0,9.07
0945,8.25,-0.25,ALL,57,12.28,24467.5,429.25,16032.5,-660.0,9329.0,2.62
0945,8.25,-0.25,NO_R1,25,28.0,34281.5,1371.26,16032.5,-660.0,3949.0,8.68
0945,8.25,-0.25,R3_R4_ONLY,16,37.5,34990.0,2186.87,15297.0,-720.0,4000.0,8.75
0945,8.25,-0.25,R4_ONLY,9,44.44,36420.0,4046.67,15297.0,-1745.0,1515.0,24.04
0945,8.25,-0.25,R0_R3_R4,24,29.17,34761.5,1448.4,16032.5,-660.0,3949.0,8.8
0945,8.25,-0.25,EXCLUDE_R1_R2,24,29.17,34761.5,1448.4,16032.5,-660.0,3949.0,8.8
0945,8.25,-0.3,ALL,54,14.81,26639.5,493.32,16950.0,-880.0,8949.0,2.98
0945,8.25,-0.3,NO_R1,24,33.33,38393.5,1599.73,16950.0,-880.0,3365.0,11.41
0945,8.25,-0.3,R3_R4_ONLY,16,37.5,37765.0,2360.31,16132.0,-1080.0,5975.0,6.32
0945,8.25,-0.3,R4_ONLY,8,62.5,39514.0,4939.25,16132.0,-2145.0,1095.0,36.09
0945,8.25,-0.3,R0_R3_R4,23,34.78,39033.5,1697.11,16950.0,-880.0,3365.0,11.6
0945,8.25,-0.3,EXCLUDE_R1_R2,23,34.78,39033.5,1697.11,16950.0,-880.0,3365.0,11.6
0945,8.5,-0.05,ALL,143,4.2,22300.0,155.94,9692.5,-740.0,5407.5,4.12
0945,8.5,-0.05,NO_R1,89,6.74,24685.0,277.36,9692.5,-740.0,4897.5,5.04
0945,8.5,-0.05,R3_R4_ONLY,39,10.26,17521.5,449.27,8565.5,-740.0,3182.5,5.51
0945,8.5,-0.05,R4_ONLY,21,14.29,15535.0,739.76,8565.5,-740.0,2507.5,6.2
0945,8.5,-0.05,R0_R3_R4,88,6.82,24787.5,281.68,9692.5,-740.0,4795.0,5.17
0945,8.5,-0.05,EXCLUDE_R1_R2,88,6.82,24787.5,281.68,9692.5,-740.0,4795.0,5.17
0945,8.5,-0.1,ALL,96,6.25,29324.0,305.46,12167.5,-330.0,3327.5,8.81
0945,8.5,-0.1,NO_R1,51,11.76,33043.5,647.91,12167.5,-330.0,2037.5,16.22
0945,8.5,-0.1,R3_R4_ONLY,21,19.05,20635.5,982.64,10749.5,-265.0,1737.5,11.88
0945,8.5,-0.1,R4_ONLY,9,44.44,23392.5,2599.17,10749.5,-755.0,355.0,65.89
0945,8.5,-0.1,R0_R3_R4,50,12.0,33201.0,664.02,12167.5,-330.0,2037.5,16.29
0945,8.5,-0.1,EXCLUDE_R1_R2,50,12.0,33201.0,664.02,12167.5,-330.0,2037.5,16.29
0945,8.5,-0.15,ALL,93,7.53,35077.0,377.17,13637.5,-570.0,5257.5,6.67
0945,8.5,-0.15,NO_R1,45,15.56,40379.0,897.31,13637.5,-570.0,3342.5,12.08
0945,8.5,-0.15,R3_R4_ONLY,21,19.05,25040.5,1192.4,12627.0,-430.0,2965.0,8.45
0945,8.5,-0.15,R4_ONLY,9,44.44,29270.0,3252.22,12627.0,-1040.0,607.5,48.18
0945,8.5,-0.15,R0_R3_R4,44,15.91,40624.0,923.27,13637.5,-570.0,3342.5,12.15
0945,8.5,-0.15,EXCLUDE_R1_R2,44,15.91,40624.0,923.27,13637.5,-570.0,3342.5,12.15
0945,8.5,-0.2,ALL,81,8.64,36377.5,449.1,15087.5,-785.0,7660.0,4.75
0945,8.5,-0.2,NO_R1,45,15.56,45024.0,1000.53,15087.5,-785.0,5020.0,8.97
0945,8.5,-0.2,R3_R4_ONLY,16,31.25,29663.0,1853.94,13987.0,-530.0,2742.5,10.82
0945,8.5,-0.2,R4_ONLY,9,44.44,33320.0,3702.22,13987.0,-1280.0,1012.5,32.91
0945,8.5,-0.2,R0_R3_R4,44,15.91,45339.0,1030.43,15087.5,-785.0,5020.0,9.03
0945,8.5,-0.2,EXCLUDE_R1_R2,44,15.91,45339.0,1030.43,15087.5,-785.0,5020.0,9.03
0945,8.5,-0.25,ALL,64,10.94,23177.5,362.15,16032.5,-660.0,9931.5,2.33
0945,8.5,-0.25,NO_R1,28,25.0,33959.0,1212.82,16032.5,-660.0,4126.5,8.23
0945,8.5,-0.25,R3_R4_ONLY,16,37.5,34990.0,2186.87,15297.0,-720.0,4000.0,8.75
0945,8.5,-0.25,R4_ONLY,9,44.44,36420.0,4046.67,15297.0,-1745.0,1515.0,24.04
0945,8.5,-0.25,R0_R3_R4,27,25.93,34439.0,1275.52,16032.5,-660.0,4126.5,8.35
0945,8.5,-0.25,EXCLUDE_R1_R2,27,25.93,34439.0,1275.52,16032.5,-660.0,4126.5,8.35
0945,8.5,-0.3,ALL,61,14.75,24639.5,403.93,16950.0,-880.0,10271.5,2.4
0945,8.5,-0.3,NO_R1,26,34.62,38206.0,1469.46,16950.0,-880.0,3365.0,11.35
0945,8.5,-0.3,R3_R4_ONLY,16,37.5,37765.0,2360.31,16132.0,-1080.0,5975.0,6.32
0945,8.5,-0.3,R4_ONLY,8,62.5,39514.0,4939.25,16132.0,-2145.0,1095.0,36.09
0945,8.5,-0.3,R0_R3_R4,25,36.0,38846.0,1553.84,16950.0,-880.0,3365.0,11.54
0945,8.5,-0.3,EXCLUDE_R1_R2,25,36.0,38846.0,1553.84,16950.0,-880.0,3365.0,11.54
0945,9.0,-0.05,ALL,284,2.11,15320.0,53.94,9692.5,-740.0,6050.0,2.53
0945,9.0,-0.05,NO_R1,220,2.73,18095.0,82.25,9692.5,-740.0,5490.0,3.3
0945,9.0,-0.05,R3_R4_ONLY,50,8.0,17166.5,343.33,8565.5,-740.0,3182.5,5.39
0945,9.0,-0.05,R4_ONLY,21,14.29,15535.0,739.76,8565.5,-740.0,2507.5,6.2
0945,9.0,-0.05,R0_R3_R4,219,2.74,18197.5,83.09,9692.5,-740.0,5387.5,3.38
0945,9.0,-0.05,EXCLUDE_R1_R2,219,2.74,18197.5,83.09,9692.5,-740.0,5387.5,3.38
0945,9.0,-0.1,ALL,182,4.95,23288.5,127.96,12167.5,-750.0,4431.0,5.26
0945,9.0,-0.1,NO_R1,124,6.45,27732.0,223.65,12167.5,-750.0,3842.5,7.22
0945,9.0,-0.1,R3_R4_ONLY,22,22.73,21858.5,993.57,10749.5,-265.0,1737.5,12.58
0945,9.0,-0.1,R4_ONLY,10,40.0,23355.0,2335.5,10749.5,-755.0,355.0,65.79
0945,9.0,-0.1,R0_R3_R4,123,6.5,27889.5,226.74,12167.5,-750.0,3842.5,7.26
0945,9.0,-0.1,EXCLUDE_R1_R2,123,6.5,27889.5,226.74,12167.5,-750.0,3842.5,7.26
0945,9.0,-0.15,ALL,179,5.59,27743.0,154.99,13637.5,-1295.0,5901.0,4.7
0945,9.0,-0.15,NO_R1,120,8.33,34422.5,286.85,13637.5,-1295.0,5536.0,6.22
0945,9.0,-0.15,R3_R4_ONLY,22,22.73,27628.5,1255.84,12627.0,-430.0,2965.0,9.32
0945,9.0,-0.15,R4_ONLY,10,40.0,29197.5,2919.75,12627.0,-1040.0,607.5,48.06
0945,9.0,-0.15,R0_R3_R4,119,8.4,34667.5,291.32,13637.5,-1295.0,5536.0,6.26
0945,9.0,-0.15,EXCLUDE_R1_R2,119,8.4,34667.5,291.32,13637.5,-1295.0,5536.0,6.26
0945,9.0,-0.2,ALL,122,9.02,35023.5,287.08,15087.5,-1875.0,7885.0,4.44
0945,9.0,-0.2,NO_R1,75,14.67,45807.5,610.77,15087.5,-1875.0,5020.0,9.12
0945,9.0,-0.2,R3_R4_ONLY,17,35.29,33556.0,1973.88,13987.0,-530.0,2742.5,12.24
0945,9.0,-0.2,R4_ONLY,10,50.0,33406.5,3340.65,13987.0,-1280.0,1012.5,32.99
0945,9.0,-0.2,R0_R3_R4,74,14.86,46122.5,623.28,15087.5,-1875.0,5020.0,9.19
0945,9.0,-0.2,EXCLUDE_R1_R2,74,14.86,46122.5,623.28,15087.5,-1875.0,5020.0,9.19
0945,9.0,-0.25,ALL,99,11.11,20441.0,206.47,16032.5,-2635.0,16924.5,1.21
0945,9.0,-0.25,NO_R1,58,18.97,34285.0,591.12,16032.5,-2635.0,10332.0,3.32
0945,9.0,-0.25,R3_R4_ONLY,17,41.18,39718.0,2336.35,15297.0,-720.0,4000.0,9.93
0945,9.0,-0.25,R4_ONLY,10,50.0,37906.5,3790.65,15297.0,-1745.0,1515.0,25.02
0945,9.0,-0.25,R0_R3_R4,57,19.3,34765.0,609.91,16032.5,-2635.0,10332.0,3.36
0945,9.0,-0.25,EXCLUDE_R1_R2,57,19.3,34765.0,609.91,16032.5,-2635.0,10332.0,3.36
0945,9.0,-0.3,ALL,85,16.47,24392.5,286.97,16950.0,-3250.0,19464.5,1.25
0945,9.0,-0.3,NO_R1,44,31.82,42126.5,957.42,16950.0,-3250.0,10559.5,3.99
0945,9.0,-0.3,R3_R4_ONLY,17,41.18,43283.0,2546.06,16132.0,-1080.0,5975.0,7.24
0945,9.0,-0.3,R4_ONLY,9,66.67,41888.0,4654.22,16132.0,-2145.0,1095.0,38.25
0945,9.0,-0.3,R0_R3_R4,43,32.56,42766.5,994.57,16950.0,-3250.0,10559.5,4.05
0945,9.0,-0.3,EXCLUDE_R1_R2,43,32.56,42766.5,994.57,16950.0,-3250.0,10559.5,4.05
0945,9.5,-0.05,ALL,313,2.56,17560.5,56.1,9692.5,-740.0,6450.0,2.72
0945,9.5,-0.05,NO_R1,249,3.21,20335.5,81.67,9692.5,-740.0,5890.0,3.45
0945,9.5,-0.05,R3_R4_ONLY,51,9.8,19482.5,382.01,8565.5,-740.0,3182.5,6.12
0945,9.5,-0.05,R4_ONLY,21,14.29,15535.0,739.76,8565.5,-740.0,2507.5,6.2
0945,9.5,-0.05,R0_R3_R4,248,3.23,20438.0,82.41,9692.5,-740.0,5787.5,3.53
0945,9.5,-0.05,EXCLUDE_R1_R2,248,3.23,20438.0,82.41,9692.5,-740.0,5787.5,3.53
0945,9.5,-0.1,ALL,212,5.19,27244.0,128.51,12167.5,-750.0,4551.0,5.99
0945,9.5,-0.1,NO_R1,154,6.49,31687.5,205.76,12167.5,-750.0,3842.5,8.25
0945,9.5,-0.1,R3_R4_ONLY,23,26.09,25634.5,1114.54,10749.5,-265.0,1737.5,14.75
0945,9.5,-0.1,R4_ONLY,10,40.0,23355.0,2335.5,10749.5,-755.0,355.0,65.79
0945,9.5,-0.1,R0_R3_R4,153,6.54,31845.0,208.14,12167.5,-750.0,3842.5,8.29
0945,9.5,-0.1,EXCLUDE_R1_R2,153,6.54,31845.0,208.14,12167.5,-750.0,3842.5,8.29
0945,9.5,-0.15,ALL,209,5.74,32548.5,155.73,13637.5,-1295.0,5901.0,5.52
0945,9.5,-0.15,NO_R1,150,8.0,39228.0,261.52,13637.5,-1295.0,5536.0,7.09
0945,9.5,-0.15,R3_R4_ONLY,23,26.09,32829.5,1427.37,12627.0,-430.0,2965.0,11.07
0945,9.5,-0.15,R4_ONLY,10,40.0,29197.5,2919.75,12627.0,-1040.0,607.5,48.06
0945,9.5,-0.15,R0_R3_R4,149,8.05,39473.0,264.92,13637.5,-1295.0,5536.0,7.13
0945,9.5,-0.15,EXCLUDE_R1_R2,149,8.05,39473.0,264.92,13637.5,-1295.0,5536.0,7.13
0945,9.5,-0.2,ALL,192,7.29,34314.5,178.72,15087.5,-1875.0,7885.0,4.35
0945,9.5,-0.2,NO_R1,142,9.15,43383.0,305.51,15087.5,-1875.0,6227.5,6.97
0945,9.5,-0.2,R3_R4_ONLY,18,38.89,39672.0,2204.0,13987.0,-530.0,2742.5,14.47
0945,9.5,-0.2,R4_ONLY,10,50.0,33406.5,3340.65,13987.0,-1280.0,1012.5,32.99
0945,9.5,-0.2,R0_R3_R4,141,9.22,43698.0,309.91,15087.5,-1875.0,6227.5,7.02
0945,9.5,-0.2,EXCLUDE_R1_R2,141,9.22,43698.0,309.91,15087.5,-1875.0,6227.5,7.02
0945,9.5,-0.25,ALL,152,9.87,21054.5,138.52,16032.5,-2635.0,19944.5,1.06
0945,9.5,-0.25,NO_R1,108,12.96,32498.0,300.91,16032.5,-2635.0,13352.0,2.43
0945,9.5,-0.25,R3_R4_ONLY,18,44.44,46699.0,2594.39,15297.0,-720.0,4000.0,11.67
0945,9.5,-0.25,R4_ONLY,10,50.0,37906.5,3790.65,15297.0,-1745.0,1515.0,25.02
0945,9.5,-0.25,R0_R3_R4,107,13.08,32978.0,308.21,16032.5,-2635.0,13352.0,2.47
0945,9.5,-0.25,EXCLUDE_R1_R2,107,13.08,32978.0,308.21,16032.5,-2635.0,13352.0,2.47
0945,9.5,-0.3,ALL,128,15.62,19356.5,151.22,16950.0,-3250.0,23593.0,0.82
0945,9.5,-0.3,NO_R1,84,22.62,34502.5,410.74,16950.0,-3250.0,14688.0,2.35
0945,9.5,-0.3,R3_R4_ONLY,18,44.44,50674.0,2815.22,16132.0,-1080.0,5975.0,8.48
0945,9.5,-0.3,R4_ONLY,9,66.67,41888.0,4654.22,16132.0,-2145.0,1095.0,38.25
0945,9.5,-0.3,R0_R3_R4,83,22.89,35142.5,423.4,16950.0,-3250.0,14688.0,2.39
0945,9.5,-0.3,EXCLUDE_R1_R2,83,22.89,35142.5,423.4,16950.0,-3250.0,14688.0,2.39
0945,10.0,-0.05,ALL,319,2.51,17440.5,54.67,9692.5,-740.0,6450.0,2.7
0945,10.0,-0.05,NO_R1,255,3.14,20215.5,79.28,9692.5,-740.0,5890.0,3.43
0945,10.0,-0.05,R3_R4_ONLY,51,9.8,19482.5,382.01,8565.5,-740.0,3182.5,6.12
0945,10.0,-0.05,R4_ONLY,21,14.29,15535.0,739.76,8565.5,-740.0,2507.5,6.2
0945,10.0,-0.05,R0_R3_R4,254,3.15,20318.0,79.99,9692.5,-740.0,5787.5,3.51
0945,10.0,-0.05,EXCLUDE_R1_R2,254,3.15,20318.0,79.99,9692.5,-740.0,5787.5,3.51
0945,10.0,-0.1,ALL,219,5.02,27001.5,123.29,12167.5,-750.0,4633.5,5.83
0945,10.0,-0.1,NO_R1,161,6.21,31445.0,195.31,12167.5,-750.0,3925.0,8.01
0945,10.0,-0.1,R3_R4_ONLY,23,26.09,25634.5,1114.54,10749.5,-265.0,1737.5,14.75
0945,10.0,-0.1,R4_ONLY,10,40.0,23355.0,2335.5,10749.5,-755.0,355.0,65.79
0945,10.0,-0.1,R0_R3_R4,160,6.25,31602.5,197.52,12167.5,-750.0,3925.0,8.05
0945,10.0,-0.1,EXCLUDE_R1_R2,160,6.25,31602.5,197.52,12167.5,-750.0,3925.0,8.05
0945,10.0,-0.15,ALL,216,5.56,32183.5,149.0,13637.5,-1295.0,6011.0,5.35
0945,10.0,-0.15,NO_R1,157,7.64,38863.0,247.54,13637.5,-1295.0,5646.0,6.88
0945,10.0,-0.15,R3_R4_ONLY,23,26.09,32829.5,1427.37,12627.0,-430.0,2965.0,11.07
0945,10.0,-0.15,R4_ONLY,10,40.0,29197.5,2919.75,12627.0,-1040.0,607.5,48.06
0945,10.0,-0.15,R0_R3_R4,156,7.69,39108.0,250.69,13637.5,-1295.0,5646.0,6.93
0945,10.0,-0.15,EXCLUDE_R1_R2,156,7.69,39108.0,250.69,13637.5,-1295.0,5646.0,6.93
0945,10.0,-0.2,ALL,199,7.04,33689.5,169.29,15087.5,-1875.0,8022.5,4.2
0945,10.0,-0.2,NO_R1,149,8.72,42758.0,286.97,15087.5,-1875.0,6227.5,6.87
0945,10.0,-0.2,R3_R4_ONLY,18,38.89,39672.0,2204.0,13987.0,-530.0,2742.5,14.47
0945,10.0,-0.2,R4_ONLY,10,50.0,33406.5,3340.65,13987.0,-1280.0,1012.5,32.99
0945,10.0,-0.2,R0_R3_R4,148,8.78,43073.0,291.03,15087.5,-1875.0,6227.5,6.92
0945,10.0,-0.2,EXCLUDE_R1_R2,148,8.78,43073.0,291.03,15087.5,-1875.0,6227.5,6.92
0945,10.0,-0.25,ALL,160,9.38,19882.0,124.26,16032.5,-2635.0,20157.0,0.99
0945,10.0,-0.25,NO_R1,116,12.07,31325.5,270.05,16032.5,-2635.0,13564.5,2.31
0945,10.0,-0.25,R3_R4_ONLY,18,44.44,46699.0,2594.39,15297.0,-720.0,4000.0,11.67
0945,10.0,-0.25,R4_ONLY,10,50.0,37906.5,3790.65,15297.0,-1745.0,1515.0,25.02
0945,10.0,-0.25,R0_R3_R4,115,12.17,31805.5,276.57,16032.5,-2635.0,13564.5,2.34
0945,10.0,-0.25,EXCLUDE_R1_R2,115,12.17,31805.5,276.57,16032.5,-2635.0,13564.5,2.34
0945,10.0,-0.3,ALL,139,14.39,15904.0,114.42,16950.0,-3250.0,23918.0,0.66
0945,10.0,-0.3,NO_R1,95,20.0,31050.0,326.84,16950.0,-3250.0,15013.0,2.07
0945,10.0,-0.3,R3_R4_ONLY,18,44.44,50674.0,2815.22,16132.0,-1080.0,5975.0,8.48
0945,10.0,-0.3,R4_ONLY,9,66.67,41888.0,4654.22,16132.0,-2145.0,1095.0,38.25
0945,10.0,-0.3,R0_R3_R4,94,20.21,31690.0,337.13,16950.0,-3250.0,15013.0,2.11
0945,10.0,-0.3,EXCLUDE_R1_R2,94,20.21,31690.0,337.13,16950.0,-3250.0,15013.0,2.11
1000,7.0,-0.05,ALL,155,1.29,-3111.0,-20.07,6230.0,-780.0,5837.5,-0.53
1000,7.0,-0.05,NO_R1,120,1.67,-1501.0,-12.51,6230.0,-780.0,4975.0,-0.3
1000,7.0,-0.05,R3_R4_ONLY,34,5.88,4641.5,136.51,6230.0,-780.0,2945.0,1.58
1000,7.0,-0.05,R4_ONLY,18,11.11,4035.5,224.19,6230.0,-780.0,2342.5,1.72
1000,7.0,-0.05,R0_R3_R4,120,1.67,-1501.0,-12.51,6230.0,-780.0,4975.0,-0.3
1000,7.0,-0.05,EXCLUDE_R1_R2,120,1.67,-1501.0,-12.51,6230.0,-780.0,4975.0,-0.3
1000,7.0,-0.1,ALL,42,7.14,-1822.0,-43.38,2138.5,-272.5,3933.0,-0.46
1000,7.0,-0.1,NO_R1,27,11.11,3535.5,130.94,4219.0,-287.5,1854.5,1.91
1000,7.0,-0.1,R3_R4_ONLY,32,6.25,1193.5,37.3,4219.0,-460.0,3730.0,0.32
1000,7.0,-0.1,R4_ONLY,16,12.5,2097.5,131.09,3318.0,-675.0,2545.0,0.82
1000,7.0,-0.1,R0_R3_R4,27,11.11,3535.5,130.94,4219.0,-287.5,1854.5,1.91
1000,7.0,-0.1,EXCLUDE_R1_R2,27,11.11,3535.5,130.94,4219.0,-287.5,1854.5,1.91
1000,7.0,-0.15,ALL,37,8.11,-472.5,-12.77,4068.5,-500.0,4807.5,-0.1
1000,7.0,-0.15,NO_R1,18,16.67,3665.0,203.61,4068.5,-500.0,2795.0,1.31
1000,7.0,-0.15,R3_R4_ONLY,18,11.11,-2135.0,-118.61,1027.0,-350.0,2630.0,-0.81
1000,7.0,-0.15,R4_ONLY,7,28.57,4850.0,692.86,5188.0,-515.0,510.0,9.51
1000,7.0,-0.15,R0_R3_R4,18,16.67,3665.0,203.61,4068.5,-500.0,2795.0,1.31
1000,7.0,-0.15,EXCLUDE_R1_R2,18,16.67,3665.0,203.61,4068.5,-500.0,2795.0,1.31
1000,7.0,-0.2,ALL,30,10.0,-126.5,-4.22,5483.5,-700.0,6960.0,-0.02
1000,7.0,-0.2,NO_R1,18,16.67,5355.0,297.5,5483.5,-700.0,4005.0,1.34
1000,7.0,-0.2,R3_R4_ONLY,16,12.5,-2184.5,-136.53,1217.0,-500.0,4105.0,-0.53
1000,7.0,-0.2,R4_ONLY,7,28.57,6277.5,896.79,6088.0,-805.0,827.5,7.59
1000,7.0,-0.2,R0_R3_R4,18,16.67,5355.0,297.5,5483.5,-700.0,4005.0,1.34
1000,7.0,-0.2,EXCLUDE_R1_R2,18,16.67,5355.0,297.5,5483.5,-700.0,4005.0,1.34
1000,7.0,-0.25,ALL,30,10.0,-826.5,-27.55,6391.0,-970.0,9557.5,-0.09
1000,7.0,-0.25,NO_R1,18,16.67,5490.0,305.0,6391.0,-970.0,5585.0,0.98
1000,7.0,-0.25,R3_R4_ONLY,11,27.27,1038.0,94.36,2047.0,-645.0,3655.0,0.28
1000,7.0,-0.25,R4_ONLY,7,28.57,7567.5,1081.07,7378.0,-1005.0,1287.5,5.88
1000,7.0,-0.25,R0_R3_R4,18,16.67,5490.0,305.0,6391.0,-970.0,5585.0,0.98
1000,7.0,-0.25,EXCLUDE_R1_R2,18,16.67,5490.0,305.0,6391.0,-970.0,5585.0,0.98
1000,7.0,-0.3,ALL,30,10.0,-1815.0,-60.5,7271.0,-1320.0,12128.5,-0.15
1000,7.0,-0.3,NO_R1,18,16.67,5819.0,323.28,7271.0,-1320.0,6736.0,0.86
1000,7.0,-0.3,R3_R4_ONLY,11,27.27,1903.0,173.0,2837.0,-900.0,5180.0,0.37
1000,7.0,-0.3,R4_ONLY,7,28.57,7215.0,1030.71,8193.0,-2045.0,1945.0,3.71
1000,7.0,-0.3,R0_R3_R4,18,16.67,5819.0,323.28,7271.0,-1320.0,6736.0,0.86
1000,7.0,-0.3,EXCLUDE_R1_R2,18,16.67,5819.0,323.28,7271.0,-1320.0,6736.0,0.86
1000,7.5,-0.05,ALL,179,2.23,14051.0,78.5,9362.0,-780.0,5837.5,2.41
1000,7.5,-0.05,NO_R1,138,2.9,16031.0,116.17,9362.0,-780.0,4975.0,3.22
1000,7.5,-0.05,R3_R4_ONLY,38,7.89,13751.0,361.87,9362.0,-780.0,2945.0,4.67
1000,7.5,-0.05,R4_ONLY,19,15.79,13397.5,705.13,9362.0,-780.0,2342.5,5.72
1000,7.5,-0.05,R0_R3_R4,138,2.9,16031.0,116.17,9362.0,-780.0,4975.0,3.22
1000,7.5,-0.05,EXCLUDE_R1_R2,138,2.9,16031.0,116.17,9362.0,-780.0,4975.0,3.22
1000,7.5,-0.1,ALL,66,7.58,19685.0,298.26,12269.5,-272.5,3070.0,6.41
1000,7.5,-0.1,NO_R1,45,11.11,25597.5,568.83,12269.5,-287.5,1850.0,13.84
1000,7.5,-0.1,R3_R4_ONLY,36,8.33,12990.5,360.85,12269.5,-460.0,3730.0,3.48
1000,7.5,-0.1,R4_ONLY,17,17.65,14367.0,845.12,12269.5,-675.0,2545.0,5.65
1000,7.5,-0.1,R0_R3_R4,45,11.11,25597.5,568.83,12269.5,-287.5,1850.0,13.84
1000,7.5,-0.1,EXCLUDE_R1_R2,45,11.11,25597.5,568.83,12269.5,-287.5,1850.0,13.84
1000,7.5,-0.15,ALL,61,8.2,22962.0,376.43,14167.0,-500.0,4807.5,4.78
1000,7.5,-0.15,NO_R1,36,13.89,27917.0,775.47,14167.0,-500.0,3012.5,9.27
1000,7.5,-0.15,R3_R4_ONLY,22,13.64,11267.0,512.14,14167.0,-350.0,2630.0,4.28
1000,7.5,-0.15,R4_ONLY,8,37.5,19017.0,2377.13,14167.0,-515.0,510.0,37.29
1000,7.5,-0.15,R0_R3_R4,36,13.89,27917.0,775.47,14167.0,-500.0,3012.5,9.27
1000,7.5,-0.15,EXCLUDE_R1_R2,36,13.89,27917.0,775.47,14167.0,-500.0,3012.5,9.27
1000,7.5,-0.2,ALL,49,10.2,10845.5,221.34,14600.0,-700.0,10240.5,1.06
1000,7.5,-0.2,NO_R1,31,16.13,17387.0,560.87,14600.0,-700.0,6513.0,2.67
1000,7.5,-0.2,R3_R4_ONLY,20,15.0,12207.5,610.37,15547.0,-500.0,4105.0,2.97
1000,7.5,-0.2,R4_ONLY,8,37.5,21824.5,2728.06,15547.0,-805.0,827.5,26.37
1000,7.5,-0.2,R0_R3_R4,31,16.13,17387.0,560.87,14600.0,-700.0,6513.0,2.67
1000,7.5,-0.2,EXCLUDE_R1_R2,31,16.13,17387.0,560.87,14600.0,-700.0,6513.0,2.67
1000,7.5,-0.25,ALL,49,10.2,11309.5,230.81,15542.5,-970.0,12426.5,0.91
1000,7.5,-0.25,NO_R1,31,16.13,19116.0,616.65,15542.5,-970.0,7404.0,2.58
1000,7.5,-0.25,R3_R4_ONLY,15,33.33,16907.0,1127.13,16882.0,-645.0,3655.0,4.63
1000,7.5,-0.25,R4_ONLY,8,37.5,24449.5,3056.19,16882.0,-1005.0,1287.5,18.99
1000,7.5,-0.25,R0_R3_R4,31,16.13,19116.0,616.65,15542.5,-970.0,7404.0,2.58
1000,7.5,-0.25,EXCLUDE_R1_R2,31,16.13,19116.0,616.65,15542.5,-970.0,7404.0,2.58
1000,7.5,-0.3,ALL,39,12.82,13144.0,337.03,16467.5,-1320.0,12872.0,1.02
1000,7.5,-0.3,NO_R1,21,23.81,22778.0,1084.67,16467.5,-1320.0,6736.0,3.38
1000,7.5,-0.3,R3_R4_ONLY,15,33.33,19032.0,1268.8,17732.0,-900.0,5180.0,3.67
1000,7.5,-0.3,R4_ONLY,8,37.5,24947.0,3118.38,17732.0,-2045.0,1945.0,12.83
1000,7.5,-0.3,R0_R3_R4,21,23.81,22778.0,1084.67,16467.5,-1320.0,6736.0,3.38
1000,7.5,-0.3,EXCLUDE_R1_R2,21,23.81,22778.0,1084.67,16467.5,-1320.0,6736.0,3.38
1000,8.0,-0.05,ALL,187,2.14,13668.5,73.09,9362.0,-780.0,5837.5,2.34
1000,8.0,-0.05,NO_R1,139,2.88,15946.0,114.72,9362.0,-780.0,4975.0,3.21
1000,8.0,-0.05,R3_R4_ONLY,38,7.89,13751.0,361.87,9362.0,-780.0,2945.0,4.67
1000,8.0,-0.05,R4_ONLY,19,15.79,13397.5,705.13,9362.0,-780.0,2342.5,5.72
1000,8.0,-0.05,R0_R3_R4,138,2.9,16031.0,116.17,9362.0,-780.0,4975.0,3.22
1000,8.0,-0.05,EXCLUDE_R1_R2,138,2.9,16031.0,116.17,9362.0,-780.0,4975.0,3.22
1000,8.0,-0.1,ALL,79,7.59,19931.5,252.3,12269.5,-272.5,3070.0,6.49
1000,8.0,-0.1,NO_R1,48,12.5,26549.0,553.1,12269.5,-287.5,1850.0,14.35
1000,8.0,-0.1,R3_R4_ONLY,36,8.33,12990.5,360.85,12269.5,-460.0,3730.0,3.48
1000,8.0,-0.1,R4_ONLY,17,17.65,14367.0,845.12,12269.5,-675.0,2545.0,5.65
1000,8.0,-0.1,R0_R3_R4,47,12.77,26686.5,567.8,12269.5,-287.5,1850.0,14.43
1000,8.0,-0.1,EXCLUDE_R1_R2,47,12.77,26686.5,567.8,12269.5,-287.5,1850.0,14.43
1000,8.0,-0.15,ALL,74,8.11,24116.0,325.89,14167.0,-500.0,4807.5,5.02
1000,8.0,-0.15,NO_R1,39,15.38,30208.5,774.58,14167.0,-500.0,3012.5,10.03
1000,8.0,-0.15,R3_R4_ONLY,22,13.64,11267.0,512.14,14167.0,-350.0,2630.0,4.28
1000,8.0,-0.15,R4_ONLY,8,37.5,19017.0,2377.13,14167.0,-515.0,510.0,37.29
1000,8.0,-0.15,R0_R3_R4,38,15.79,30408.5,800.22,14167.0,-500.0,3012.5,10.09
1000,8.0,-0.15,EXCLUDE_R1_R2,38,15.79,30408.5,800.22,14167.0,-500.0,3012.5,10.09
1000,8.0,-0.2,ALL,62,9.68,12234.5,197.33,14600.0,-700.0,10505.5,1.16
1000,8.0,-0.2,NO_R1,34,17.65,20471.0,602.09,14600.0,-700.0,6513.0,3.14
1000,8.0,-0.2,R3_R4_ONLY,20,15.0,12207.5,610.37,15547.0,-500.0,4105.0,2.97
1000,8.0,-0.2,R4_ONLY,8,37.5,21824.5,2728.06,15547.0,-805.0,827.5,26.37
1000,8.0,-0.2,R0_R3_R4,33,18.18,20733.5,628.29,14600.0,-700.0,6513.0,3.18
1000,8.0,-0.2,EXCLUDE_R1_R2,33,18.18,20733.5,628.29,14600.0,-700.0,6513.0,3.18
1000,8.0,-0.25,ALL,62,9.68,12727.0,205.27,15542.5,-970.0,12786.5,1.0
1000,8.0,-0.25,NO_R1,34,17.65,22860.0,672.35,15542.5,-970.0,7404.0,3.09
1000,8.0,-0.25,R3_R4_ONLY,15,33.33,16907.0,1127.13,16882.0,-645.0,3655.0,4.63
1000,8.0,-0.25,R4_ONLY,8,37.5,24449.5,3056.19,16882.0,-1005.0,1287.5,18.99
1000,8.0,-0.25,R0_R3_R4,33,18.18,23280.0,705.45,15542.5,-970.0,7404.0,3.14
1000,8.0,-0.25,EXCLUDE_R1_R2,33,18.18,23280.0,705.45,15542.5,-970.0,7404.0,3.14
1000,8.0,-0.3,ALL,52,13.46,14774.0,284.12,16467.5,-1320.0,13337.0,1.11
1000,8.0,-0.3,NO_R1,24,25.0,27157.0,1131.54,16467.5,-1320.0,6736.0,4.03
1000,8.0,-0.3,R3_R4_ONLY,15,33.33,19032.0,1268.8,17732.0,-900.0,5180.0,3.67
1000,8.0,-0.3,R4_ONLY,8,37.5,24947.0,3118.38,17732.0,-2045.0,1945.0,12.83
1000,8.0,-0.3,R0_R3_R4,23,26.09,27747.0,1206.39,16467.5,-1320.0,6736.0,4.12
1000,8.0,-0.3,EXCLUDE_R1_R2,23,26.09,27747.0,1206.39,16467.5,-1320.0,6736.0,4.12
1000,8.25,-0.05,ALL,194,2.58,23134.0,119.25,9565.5,-780.0,5837.5,3.96
1000,8.25,-0.05,NO_R1,142,3.52,25486.5,179.48,9565.5,-780.0,4975.0,5.12
1000,8.25,-0.05,R3_R4_ONLY,39,10.26,23316.5,597.86,9565.5,-780.0,2945.0,7.92
1000,8.25,-0.05,R4_ONLY,20,20.0,22963.0,1148.15,9565.5,-780.0,2342.5,9.8
1000,8.25,-0.05,R0_R3_R4,141,3.55,25571.5,181.36,9565.5,-780.0,4975.0,5.14
1000,8.25,-0.05,EXCLUDE_R1_R2,141,3.55,25571.5,181.36,9565.5,-780.0,4975.0,5.14
1000,8.25,-0.1,ALL,86,8.14,31269.5,363.6,12269.5,-272.5,3070.0,10.19
1000,8.25,-0.1,NO_R1,51,13.73,38022.0,745.53,12269.5,-287.5,1850.0,20.55
1000,8.25,-0.1,R3_R4_ONLY,37,10.81,24503.5,662.26,12269.5,-460.0,3730.0,6.57
1000,8.25,-0.1,R4_ONLY,18,22.22,25880.0,1437.78,12269.5,-675.0,2545.0,10.17
1000,8.25,-0.1,R0_R3_R4,50,14.0,38159.5,763.19,12269.5,-287.5,1850.0,20.63
1000,8.25,-0.1,EXCLUDE_R1_R2,50,14.0,38159.5,763.19,12269.5,-287.5,1850.0,20.63
1000,8.25,-0.15,ALL,81,8.64,36311.5,448.29,14167.0,-500.0,4807.5,7.55
1000,8.25,-0.15,NO_R1,42,16.67,42599.0,1014.26,14167.0,-500.0,3012.5,14.14
1000,8.25,-0.15,R3_R4_ONLY,23,17.39,23722.5,1031.41,14167.0,-350.0,2630.0,9.02
1000,8.25,-0.15,R4_ONLY,9,44.44,31472.5,3496.94,14167.0,-515.0,510.0,61.71
1000,8.25,-0.15,R0_R3_R4,41,17.07,42799.0,1043.88,14167.0,-500.0,3012.5,14.21
1000,8.25,-0.15,EXCLUDE_R1_R2,41,17.07,42799.0,1043.88,14167.0,-500.0,3012.5,14.21
1000,8.25,-0.2,ALL,69,10.14,25197.5,365.18,14600.0,-700.0,10505.5,2.4
1000,8.25,-0.2,NO_R1,37,18.92,33734.0,911.73,14600.0,-700.0,6513.0,5.18
1000,8.25,-0.2,R3_R4_ONLY,21,19.05,25570.5,1217.64,15547.0,-500.0,4105.0,6.23
1000,8.25,-0.2,R4_ONLY,9,44.44,35187.5,3909.72,15547.0,-805.0,827.5,42.52
1000,8.25,-0.2,R0_R3_R4,36,19.44,33996.5,944.35,14600.0,-700.0,6513.0,5.22
1000,8.25,-0.2,EXCLUDE_R1_R2,36,19.44,33996.5,944.35,14600.0,-700.0,6513.0,5.22
1000,8.25,-0.25,ALL,69,10.14,26300.0,381.16,15542.5,-970.0,12786.5,2.06
1000,8.25,-0.25,NO_R1,37,18.92,36908.0,997.51,15542.5,-970.0,7404.0,4.98
1000,8.25,-0.25,R3_R4_ONLY,16,37.5,31125.0,1945.31,16882.0,-645.0,3655.0,8.52
1000,8.25,-0.25,R4_ONLY,9,44.44,38667.5,4296.39,16882.0,-1005.0,1287.5,30.03
1000,8.25,-0.25,R0_R3_R4,36,19.44,37328.0,1036.89,15542.5,-970.0,7404.0,5.04
1000,8.25,-0.25,EXCLUDE_R1_R2,36,19.44,37328.0,1036.89,15542.5,-970.0,7404.0,5.04
1000,8.25,-0.3,ALL,59,13.56,28839.5,488.81,16467.5,-1320.0,13337.0,2.16
1000,8.25,-0.3,NO_R1,27,25.93,41937.5,1553.24,16467.5,-1320.0,6736.0,6.23
1000,8.25,-0.3,R3_R4_ONLY,16,37.5,34045.0,2127.81,17732.0,-900.0,5180.0,6.57
1000,8.25,-0.3,R4_ONLY,9,44.44,39960.0,4440.0,17732.0,-2045.0,1945.0,20.54
1000,8.25,-0.3,R0_R3_R4,26,26.92,42527.5,1635.67,16467.5,-1320.0,6736.0,6.31
1000,8.25,-0.3,EXCLUDE_R1_R2,26,26.92,42527.5,1635.67,16467.5,-1320.0,6736.0,6.31
1000,8.5,-0.05,ALL,200,2.5,22986.5,114.93,9565.5,-780.0,5937.5,3.87
1000,8.5,-0.05,NO_R1,145,3.45,25426.5,175.36,9565.5,-780.0,5010.0,5.08
1000,8.5,-0.05,R3_R4_ONLY,39,10.26,23316.5,597.86,9565.5,-780.0,2945.0,7.92
1000,8.5,-0.05,R4_ONLY,20,20.0,22963.0,1148.15,9565.5,-780.0,2342.5,9.8
1000,8.5,-0.05,R0_R3_R4,144,3.47,25511.5,177.16,9565.5,-780.0,5010.0,5.09
1000,8.5,-0.05,EXCLUDE_R1_R2,144,3.47,25511.5,177.16,9565.5,-780.0,5010.0,5.09
1000,8.5,-0.1,ALL,93,7.53,30907.0,332.33,12269.5,-272.5,3235.0,9.55
1000,8.5,-0.1,NO_R1,54,12.96,37932.0,702.44,12269.5,-287.5,1850.0,20.5
1000,8.5,-0.1,R3_R4_ONLY,37,10.81,24503.5,662.26,12269.5,-460.0,3730.0,6.57
1000,8.5,-0.1,R4_ONLY,18,22.22,25880.0,1437.78,12269.5,-675.0,2545.0,10.17
1000,8.5,-0.1,R0_R3_R4,53,13.21,38069.5,718.29,12269.5,-287.5,1850.0,20.58
1000,8.5,-0.1,EXCLUDE_R1_R2,53,13.21,38069.5,718.29,12269.5,-287.5,1850.0,20.58
1000,8.5,-0.15,ALL,88,7.95,35761.5,406.38,14167.0,-500.0,5057.5,7.07
1000,8.5,-0.15,NO_R1,45,15.56,42461.5,943.59,14167.0,-500.0,3012.5,14.1
1000,8.5,-0.15,R3_R4_ONLY,23,17.39,23722.5,1031.41,14167.0,-350.0,2630.0,9.02
1000,8.5,-0.15,R4_ONLY,9,44.44,31472.5,3496.94,14167.0,-515.0,510.0,61.71
1000,8.5,-0.15,R0_R3_R4,44,15.91,42661.5,969.58,14167.0,-500.0,3012.5,14.16
1000,8.5,-0.15,EXCLUDE_R1_R2,44,15.91,42661.5,969.58,14167.0,-500.0,3012.5,14.16
1000,8.5,-0.2,ALL,76,9.21,24370.0,320.66,14600.0,-700.0,10890.5,2.24
1000,8.5,-0.2,NO_R1,40,17.5,33516.5,837.91,14600.0,-700.0,6638.0,5.05
1000,8.5,-0.2,R3_R4_ONLY,21,19.05,25570.5,1217.64,15547.0,-500.0,4105.0,6.23
1000,8.5,-0.2,R4_ONLY,9,44.44,35187.5,3909.72,15547.0,-805.0,827.5,42.52
1000,8.5,-0.2,R0_R3_R4,39,17.95,33779.0,866.13,14600.0,-700.0,6638.0,5.09
1000,8.5,-0.2,EXCLUDE_R1_R2,39,17.95,33779.0,866.13,14600.0,-700.0,6638.0,5.09
1000,8.5,-0.25,ALL,75,10.67,25380.0,338.4,15542.5,-970.0,13326.5,1.9
1000,8.5,-0.25,NO_R1,39,20.51,36830.5,944.37,15542.5,-970.0,7579.0,4.86
1000,8.5,-0.25,R3_R4_ONLY,16,37.5,31125.0,1945.31,16882.0,-645.0,3655.0,8.52
1000,8.5,-0.25,R4_ONLY,9,44.44,38667.5,4296.39,16882.0,-1005.0,1287.5,30.03
1000,8.5,-0.25,R0_R3_R4,38,21.05,37250.5,980.28,15542.5,-970.0,7579.0,4.91
1000,8.5,-0.25,EXCLUDE_R1_R2,38,21.05,37250.5,980.28,15542.5,-970.0,7579.0,4.91
1000,8.5,-0.3,ALL,61,13.11,27117.0,444.54,16467.5,-1320.0,14119.5,1.92
1000,8.5,-0.3,NO_R1,29,27.59,42250.0,1456.9,16467.5,-1320.0,6991.0,6.04
1000,8.5,-0.3,R3_R4_ONLY,16,37.5,34045.0,2127.81,17732.0,-900.0,5180.0,6.57
1000,8.5,-0.3,R4_ONLY,9,44.44,39960.0,4440.0,17732.0,-2045.0,1945.0,20.54
1000,8.5,-0.3,R0_R3_R4,28,28.57,42840.0,1530.0,16467.5,-1320.0,6991.0,6.13
1000,8.5,-0.3,EXCLUDE_R1_R2,28,28.57,42840.0,1530.0,16467.5,-1320.0,6991.0,6.13
1000,9.0,-0.05,ALL,334,1.5,17044.0,51.03,9565.5,-780.0,5982.5,2.85
1000,9.0,-0.05,NO_R1,270,1.85,19786.5,73.28,9565.5,-780.0,5217.5,3.79
1000,9.0,-0.05,R3_R4_ONLY,50,8.0,22984.0,459.68,9565.5,-780.0,2945.0,7.8
1000,9.0,-0.05,R4_ONLY,21,19.05,22945.5,1092.64,9565.5,-780.0,2342.5,9.8
1000,9.0,-0.05,R0_R3_R4,269,1.86,19871.5,73.87,9565.5,-780.0,5132.5,3.87
1000,9.0,-0.05,EXCLUDE_R1_R2,269,1.86,19871.5,73.87,9565.5,-780.0,5132.5,3.87
1000,9.0,-0.1,ALL,235,3.83,22957.0,97.69,12269.5,-600.0,5655.0,4.06
1000,9.0,-0.1,NO_R1,177,4.52,27423.0,154.93,12269.5,-600.0,5422.5,5.06
1000,9.0,-0.1,R3_R4_ONLY,48,8.33,23861.0,497.1,12269.5,-460.0,3730.0,6.4
1000,9.0,-0.1,R4_ONLY,19,21.05,25837.5,1359.87,12269.5,-675.0,2545.0,10.15
1000,9.0,-0.1,R0_R3_R4,176,4.55,27560.5,156.59,12269.5,-600.0,5422.5,5.08
1000,9.0,-0.1,EXCLUDE_R1_R2,176,4.55,27560.5,156.59,12269.5,-600.0,5422.5,5.08
1000,9.0,-0.15,ALL,129,8.53,33907.5,262.85,14167.0,-790.0,5192.5,6.53
1000,9.0,-0.15,NO_R1,75,14.67,42045.0,560.6,14167.0,-790.0,3012.5,13.96
1000,9.0,-0.15,R3_R4_ONLY,24,20.83,24345.5,1014.4,14167.0,-350.0,2630.0,9.26
1000,9.0,-0.15,R4_ONLY,10,40.0,31392.5,3139.25,14167.0,-515.0,510.0,61.55
1000,9.0,-0.15,R0_R3_R4,74,14.86,42245.0,570.88,14167.0,-790.0,3012.5,14.02
1000,9.0,-0.15,EXCLUDE_R1_R2,74,14.86,42245.0,570.88,14167.0,-790.0,3012.5,14.02
1000,9.0,-0.2,ALL,117,9.4,23493.5,200.8,14600.0,-1195.0,11073.0,2.12
1000,9.0,-0.2,NO_R1,70,15.71,34827.5,497.54,14600.0,-1195.0,6638.0,5.25
1000,9.0,-0.2,R3_R4_ONLY,22,22.73,27078.5,1230.84,15547.0,-500.0,4105.0,6.6
1000,9.0,-0.2,R4_ONLY,10,40.0,35070.0,3507.0,15547.0,-805.0,827.5,42.38
1000,9.0,-0.2,R0_R3_R4,69,15.94,35090.0,508.55,14600.0,-1195.0,6638.0,5.29
1000,9.0,-0.2,EXCLUDE_R1_R2,69,15.94,35090.0,508.55,14600.0,-1195.0,6638.0,5.29
1000,9.0,-0.25,ALL,116,10.34,24098.5,207.75,15542.5,-1550.0,13584.0,1.77
1000,9.0,-0.25,NO_R1,69,17.39,38649.0,560.13,15542.5,-1550.0,7579.0,5.1
1000,9.0,-0.25,R3_R4_ONLY,17,41.18,33898.0,1994.0,16882.0,-645.0,3655.0,9.27
1000,9.0,-0.25,R4_ONLY,10,50.0,38671.5,3867.15,16882.0,-1005.0,1287.5,30.04
1000,9.0,-0.25,R0_R3_R4,68,17.65,39069.0,574.54,15542.5,-1550.0,7579.0,5.15
1000,9.0,-0.25,EXCLUDE_R1_R2,68,17.65,39069.0,574.54,15542.5,-1550.0,7579.0,5.15
1000,9.0,-0.3,ALL,84,15.48,25625.0,305.06,16467.5,-2225.0,15742.0,1.63
1000,9.0,-0.3,NO_R1,43,30.23,44786.5,1041.55,16467.5,-2225.0,7403.5,6.05
1000,9.0,-0.3,R3_R4_ONLY,17,41.18,37618.0,2212.82,17732.0,-900.0,5180.0,7.26
1000,9.0,-0.3,R4_ONLY,10,50.0,40859.0,4085.9,17732.0,-2045.0,1945.0,21.01
1000,9.0,-0.3,R0_R3_R4,42,30.95,45376.5,1080.39,16467.5,-2225.0,7403.5,6.13
1000,9.0,-0.3,EXCLUDE_R1_R2,42,30.95,45376.5,1080.39,16467.5,-2225.0,7403.5,6.13
1000,9.5,-0.05,ALL,360,1.94,19469.5,54.08,9565.5,-780.0,6117.5,3.18
1000,9.5,-0.05,NO_R1,296,2.36,22212.0,75.04,9565.5,-780.0,5590.0,3.97
1000,9.5,-0.05,R3_R4_ONLY,51,9.8,25307.5,496.23,9565.5,-780.0,2945.0,8.59
1000,9.5,-0.05,R4_ONLY,21,19.05,22945.5,1092.64,9565.5,-780.0,2342.5,9.8
1000,9.5,-0.05,R0_R3_R4,295,2.37,22297.0,75.58,9565.5,-780.0,5505.0,4.05
1000,9.5,-0.05,EXCLUDE_R1_R2,295,2.37,22297.0,75.58,9565.5,-780.0,5505.0,4.05
1000,9.5,-0.1,ALL,265,4.15,26917.5,101.58,12269.5,-600.0,5947.5,4.53
1000,9.5,-0.1,NO_R1,207,4.83,31383.5,151.61,12269.5,-600.0,5715.0,5.49
1000,9.5,-0.1,R3_R4_ONLY,49,10.2,27649.5,564.28,12269.5,-460.0,3730.0,7.41
1000,9.5,-0.1,R4_ONLY,19,21.05,25837.5,1359.87,12269.5,-675.0,2545.0,10.15
1000,9.5,-0.1,R0_R3_R4,206,4.85,31521.0,153.01,12269.5,-600.0,5715.0,5.52
1000,9.5,-0.1,EXCLUDE_R1_R2,206,4.85,31521.0,153.01,12269.5,-600.0,5715.0,5.52
1000,9.5,-0.15,ALL,199,7.04,34888.5,175.32,14167.0,-790.0,5192.5,6.72
1000,9.5,-0.15,NO_R1,142,9.15,41580.5,292.82,14167.0,-790.0,4415.0,9.42
1000,9.5,-0.15,R3_R4_ONLY,25,24.0,29566.5,1182.66,14167.0,-350.0,2630.0,11.24
1000,9.5,-0.15,R4_ONLY,10,40.0,31392.5,3139.25,14167.0,-515.0,510.0,61.55
1000,9.5,-0.15,R0_R3_R4,141,9.22,41780.5,296.32,14167.0,-790.0,4415.0,9.46
1000,9.5,-0.15,EXCLUDE_R1_R2,141,9.22,41780.5,296.32,14167.0,-790.0,4415.0,9.46
1000,9.5,-0.2,ALL,186,8.06,24145.0,129.81,14600.0,-1195.0,11970.5,2.02
1000,9.5,-0.2,NO_R1,136,10.29,33241.0,244.42,14600.0,-1195.0,7535.5,4.41
1000,9.5,-0.2,R3_R4_ONLY,23,26.09,33214.5,1444.11,15547.0,-500.0,4105.0,8.09
1000,9.5,-0.2,R4_ONLY,10,40.0,35070.0,3507.0,15547.0,-805.0,827.5,42.38
1000,9.5,-0.2,R0_R3_R4,135,10.37,33503.5,248.17,14600.0,-1195.0,7535.5,4.45
1000,9.5,-0.2,EXCLUDE_R1_R2,135,10.37,33503.5,248.17,14600.0,-1195.0,7535.5,4.45
1000,9.5,-0.25,ALL,179,8.94,16725.5,93.44,15542.5,-1550.0,16080.5,1.04
1000,9.5,-0.25,NO_R1,129,11.63,28348.0,219.75,15542.5,-1550.0,9355.5,3.03
1000,9.5,-0.25,R3_R4_ONLY,18,44.44,40904.0,2272.44,16882.0,-645.0,3655.0,11.19
1000,9.5,-0.25,R4_ONLY,10,50.0,38671.5,3867.15,16882.0,-1005.0,1287.5,30.04
1000,9.5,-0.25,R0_R3_R4,128,11.72,28768.0,224.75,15542.5,-1550.0,9355.5,3.07
1000,9.5,-0.25,EXCLUDE_R1_R2,128,11.72,28768.0,224.75,15542.5,-1550.0,9355.5,3.07
1000,9.5,-0.3,ALL,125,16.0,22200.0,177.6,16467.5,-2250.0,20269.5,1.1
1000,9.5,-0.3,NO_R1,81,23.46,38298.5,472.82,16467.5,-2250.0,11037.0,3.47
1000,9.5,-0.3,R3_R4_ONLY,18,44.44,45034.0,2501.89,17732.0,-900.0,5180.0,8.69
1000,9.5,-0.3,R4_ONLY,10,50.0,40859.0,4085.9,17732.0,-2045.0,1945.0,21.01
1000,9.5,-0.3,R0_R3_R4,80,23.75,38888.5,486.11,16467.5,-2250.0,11037.0,3.52
1000,9.5,-0.3,EXCLUDE_R1_R2,80,23.75,38888.5,486.11,16467.5,-2250.0,11037.0,3.52
1000,10.0,-0.05,ALL,366,1.91,19339.5,52.84,9565.5,-780.0,6117.5,3.16
1000,10.0,-0.05,NO_R1,302,2.32,22082.0,73.12,9565.5,-780.0,5590.0,3.95
1000,10.0,-0.05,R3_R4_ONLY,51,9.8,25307.5,496.23,9565.5,-780.0,2945.0,8.59
1000,10.0,-0.05,R4_ONLY,21,19.05,22945.5,1092.64,9565.5,-780.0,2342.5,9.8
1000,10.0,-0.05,R0_R3_R4,301,2.33,22167.0,73.64,9565.5,-780.0,5505.0,4.03
1000,10.0,-0.05,EXCLUDE_R1_R2,301,2.33,22167.0,73.64,9565.5,-780.0,5505.0,4.03
1000,10.0,-0.1,ALL,271,4.06,26705.0,98.54,12269.5,-600.0,5947.5,4.49
1000,10.0,-0.1,NO_R1,213,4.69,31171.0,146.34,12269.5,-600.0,5715.0,5.45
1000,10.0,-0.1,R3_R4_ONLY,49,10.2,27649.5,564.28,12269.5,-460.0,3730.0,7.41
1000,10.0,-0.1,R4_ONLY,19,21.05,25837.5,1359.87,12269.5,-675.0,2545.0,10.15
1000,10.0,-0.1,R0_R3_R4,212,4.72,31308.5,147.68,12269.5,-600.0,5715.0,5.48
1000,10.0,-0.1,EXCLUDE_R1_R2,212,4.72,31308.5,147.68,12269.5,-600.0,5715.0,5.48
1000,10.0,-0.15,ALL,206,6.8,34483.5,167.4,14167.0,-790.0,5267.5,6.55
1000,10.0,-0.15,NO_R1,149,8.72,41175.5,276.35,14167.0,-790.0,4415.0,9.33
1000,10.0,-0.15,R3_R4_ONLY,25,24.0,29566.5,1182.66,14167.0,-350.0,2630.0,11.24
1000,10.0,-0.15,R4_ONLY,10,40.0,31392.5,3139.25,14167.0,-515.0,510.0,61.55
1000,10.0,-0.15,R0_R3_R4,148,8.78,41375.5,279.56,14167.0,-790.0,4415.0,9.37
1000,10.0,-0.15,EXCLUDE_R1_R2,148,8.78,41375.5,279.56,14167.0,-790.0,4415.0,9.37
1000,10.0,-0.2,ALL,193,7.77,23497.5,121.75,14600.0,-1195.0,12098.0,1.94
1000,10.0,-0.2,NO_R1,143,9.79,32593.5,227.93,14600.0,-1195.0,7663.0,4.25
1000,10.0,-0.2,R3_R4_ONLY,23,26.09,33214.5,1444.11,15547.0,-500.0,4105.0,8.09
1000,10.0,-0.2,R4_ONLY,10,40.0,35070.0,3507.0,15547.0,-805.0,827.5,42.38
1000,10.0,-0.2,R0_R3_R4,142,9.86,32856.0,231.38,14600.0,-1195.0,7663.0,4.29
1000,10.0,-0.2,EXCLUDE_R1_R2,142,9.86,32856.0,231.38,14600.0,-1195.0,7663.0,4.29
1000,10.0,-0.25,ALL,187,8.56,15743.0,84.19,15542.5,-1550.0,16270.5,0.97
1000,10.0,-0.25,NO_R1,137,10.95,27365.5,199.75,15542.5,-1550.0,9545.5,2.87
1000,10.0,-0.25,R3_R4_ONLY,18,44.44,40904.0,2272.44,16882.0,-645.0,3655.0,11.19
1000,10.0,-0.25,R4_ONLY,10,50.0,38671.5,3867.15,16882.0,-1005.0,1287.5,30.04
1000,10.0,-0.25,R0_R3_R4,136,11.03,27785.5,204.31,15542.5,-1550.0,9545.5,2.91
1000,10.0,-0.25,EXCLUDE_R1_R2,136,11.03,27785.5,204.31,15542.5,-1550.0,9545.5,2.91
1000,10.0,-0.3,ALL,136,14.71,18872.5,138.77,16467.5,-2250.0,20504.5,0.92
1000,10.0,-0.3,NO_R1,92,20.65,34971.0,380.12,16467.5,-2250.0,11272.0,3.1
1000,10.0,-0.3,R3_R4_ONLY,18,44.44,45034.0,2501.89,17732.0,-900.0,5180.0,8.69
1000,10.0,-0.3,R4_ONLY,10,50.0,40859.0,4085.9,17732.0,-2045.0,1945.0,21.01
1000,10.0,-0.3,R0_R3_R4,91,20.88,35561.0,390.78,16467.5,-2250.0,11272.0,3.15
1000,10.0,-0.3,EXCLUDE_R1_R2,91,20.88,35561.0,390.78,16467.5,-2250.0,11272.0,3.15
